Age,Gender,Max_BPM,Avg_BPM,Resting_BPM,Calories_Burned,Workout_Type,Fat_Percentage,Water_Intake (liters),Workout_Frequency (days/week),Experience_Level,BMI,Session_Duration (minutes),Fitness_Level
56,Male,180,157,60,1313.0,Yoga,12.6,3.5,4,3,30.2,101.39999999999999,High
46,Female,179,151,66,883.0,HIIT,33.9,2.1,4,2,32.0,78.0,High
32,Female,167,122,54,677.0,Cardio,33.4,2.3,4,2,24.71,66.60000000000001,High
25,Male,190,164,56,532.0,Strength,28.8,2.1,3,1,18.41,35.4,Medium
38,Male,188,158,68,556.0,Strength,29.2,2.8,3,1,14.39,38.4,Medium
56,Female,168,156,74,1116.0,HIIT,15.5,2.7,5,3,20.55,95.4,High
36,Male,174,169,73,1385.0,Cardio,21.3,2.3,3,2,23.76,89.4,High
40,Female,189,141,64,895.0,Cardio,30.6,1.9,3,2,30.57,76.2,High
28,Male,185,127,52,719.0,Strength,28.9,2.6,4,2,32.34,61.800000000000004,High
28,Male,169,136,64,808.0,Cardio,29.7,2.7,3,1,30.07,64.80000000000001,High
41,Male,188,146,54,593.0,HIIT,20.5,3.0,2,1,43.31,49.199999999999996,Medium
53,Male,175,152,72,865.0,HIIT,23.6,3.5,3,2,17.89,69.0,High
57,Male,195,165,61,1013.0,Cardio,22.1,2.7,3,2,43.4,74.4,High
41,Male,179,136,69,794.0,HIIT,27.6,3.7,3,1,23.62,70.8,High
20,Male,196,161,54,1195.0,Yoga,26.4,3.3,3,2,35.93,81.0,High
39,Female,181,131,52,740.0,Strength,26.2,2.1,2,1,13.88,67.8,High
19,Female,166,167,58,1111.0,HIIT,29.8,2.3,3,2,27.34,79.80000000000001,High
41,Female,182,165,58,884.0,Cardio,31.9,1.6,3,1,13.98,71.39999999999999,High
47,Female,199,146,56,742.0,Strength,32.8,2.5,3,2,21.81,67.8,High
55,Female,188,167,51,1030.0,HIIT,25.2,2.2,2,1,26.96,82.2,High
19,Male,175,127,72,1048.0,Strength,28.9,3.7,4,2,28.41,90.0,High
38,Male,197,142,72,875.0,Cardio,25.7,3.1,2,1,22.95,67.2,High
50,Female,187,161,70,848.0,Yoga,33.1,2.5,2,1,25.16,70.19999999999999,High
29,Male,197,168,65,721.0,Yoga,28.1,3.4,2,1,38.16,46.800000000000004,High
39,Female,190,148,58,925.0,HIIT,26.9,1.9,4,2,22.51,75.0,High
42,Female,173,169,62,1080.0,Yoga,26.1,1.8,3,2,21.78,85.19999999999999,High
44,Male,192,139,68,502.0,HIIT,27.2,2.7,2,1,20.12,43.8,Medium
59,Male,168,135,69,989.0,Strength,21.6,2.8,4,2,17.6,88.8,High
45,Male,186,136,66,1104.0,HIIT,14.2,3.5,5,3,24.54,98.39999999999999,High
33,Female,183,135,55,871.0,HIIT,32.3,1.8,3,2,27.64,77.4,High
32,Male,172,138,53,964.0,HIIT,28.4,3.5,3,1,33.4,76.2,High
20,Female,185,127,50,654.0,Yoga,28.0,2.2,4,2,28.31,61.800000000000004,High
54,Female,188,157,67,1046.0,HIIT,28.2,2.7,2,1,19.37,88.8,High
24,Female,187,157,68,816.0,Cardio,31.7,2.5,2,1,25.83,62.400000000000006,High
38,Male,187,148,58,1237.0,HIIT,10.2,3.5,5,3,27.84,91.2,High
26,Male,167,160,62,1162.0,Strength,27.3,2.9,3,1,42.63,79.2,High
56,Female,182,155,57,879.0,Cardio,33.4,2.6,4,2,24.37,75.6,High
35,Male,188,145,72,1069.0,Strength,24.2,2.9,3,2,33.14,80.4,High
21,Male,164,150,62,1072.0,Strength,27.6,3.5,4,2,19.11,78.0,High
42,Male,166,163,64,1057.0,Strength,21.7,2.6,3,2,17.77,78.60000000000001,High
31,Female,195,131,60,969.0,Cardio,28.2,2.0,2,1,21.4,88.8,High
26,Female,186,136,61,734.0,Cardio,34.7,2.0,3,1,17.3,64.80000000000001,High
43,Male,161,134,63,962.0,Yoga,29.9,2.9,4,2,33.8,87.0,High
19,Female,184,128,53,730.0,Cardio,30.1,2.2,2,1,23.93,68.39999999999999,High
37,Male,168,158,50,1304.0,HIIT,29.3,2.8,2,1,40.1,90.0,High
45,Male,186,161,73,956.0,Strength,25.2,2.5,3,1,15.31,72.0,High
24,Male,160,167,53,772.0,Yoga,22.9,3.6,3,1,18.07,50.4,High
25,Male,182,131,68,1016.0,Cardio,22.7,3.0,2,1,23.17,84.6,High
52,Female,169,151,58,836.0,Strength,34.3,2.0,3,1,20.42,73.8,High
31,Female,184,144,59,742.0,Cardio,26.7,2.3,4,2,33.61,61.800000000000004,High
34,Female,162,158,53,1122.0,Yoga,30.8,2.4,3,2,19.43,85.19999999999999,High
53,Male,165,137,69,1133.0,Cardio,12.8,3.5,5,3,27.18,100.19999999999999,High
57,Male,165,134,58,750.0,Cardio,27.4,3.6,3,1,34.18,67.8,High
21,Male,161,151,62,1046.0,Strength,25.0,2.8,3,1,32.69,75.6,High
19,Female,177,125,61,506.0,HIIT,27.7,1.6,3,1,22.78,48.6,Medium
23,Male,182,163,60,1318.0,Cardio,21.7,2.7,4,2,44.84,88.2,High
59,Female,161,162,61,1021.0,Yoga,31.2,2.1,3,2,28.35,84.0,High
21,Female,171,154,67,832.0,Cardio,32.2,2.6,3,1,21.77,64.80000000000001,High
46,Female,181,153,61,1150.0,Cardio,17.8,2.7,4,3,20.86,100.19999999999999,High
35,Female,196,157,65,440.0,HIIT,32.4,2.0,2,1,16.99,33.6,Medium
43,Female,179,124,54,580.0,Strength,26.4,2.6,3,2,22.45,62.400000000000006,Medium
51,Female,198,137,69,666.0,Yoga,33.8,2.1,4,2,16.86,64.80000000000001,High
27,Male,183,135,74,1299.0,Strength,12.9,3.5,5,3,32.93,105.0,High
53,Male,179,127,61,773.0,Strength,21.3,3.7,3,2,17.11,73.8,High
31,Female,160,144,70,1418.0,Strength,17.3,2.7,5,3,22.28,118.2,High
48,Female,160,151,74,421.0,Cardio,33.4,1.5,2,1,25.89,37.2,Medium
32,Male,176,145,60,1587.0,HIIT,14.5,3.5,5,3,33.55,119.4,High
25,Female,160,141,58,627.0,Cardio,27.6,2.6,3,1,20.88,53.4,High
31,Female,189,150,67,1358.0,Yoga,18.6,2.7,4,3,19.72,108.60000000000001,High
40,Male,162,162,74,1176.0,HIIT,21.0,3.6,4,2,39.12,79.2,High
57,Female,170,129,52,1004.0,Strength,15.2,2.7,5,3,27.7,103.8,High
38,Female,183,131,69,963.0,HIIT,30.6,2.7,3,2,25.89,88.2,High
33,Female,181,147,66,786.0,Yoga,31.9,1.5,4,2,15.24,64.2,High
35,Male,185,125,63,743.0,Cardio,28.0,2.3,3,2,21.88,64.80000000000001,High
41,Male,172,139,50,777.0,Cardio,23.4,3.1,4,2,35.86,67.8,High
43,Male,160,124,66,663.0,Strength,20.1,2.0,3,1,16.76,64.80000000000001,High
42,Female,183,142,74,875.0,Cardio,29.8,1.6,3,1,18.15,82.2,High
58,Female,169,128,57,363.0,Cardio,25.2,1.8,2,1,21.58,37.8,Medium
46,Male,194,148,54,864.0,Yoga,20.9,2.9,2,1,33.16,70.8,High
32,Female,183,135,54,1262.0,HIIT,16.6,2.7,5,3,24.72,112.2,High
18,Female,187,165,58,990.0,Cardio,29.4,2.2,2,1,17.27,72.0,High
42,Female,195,141,52,1129.0,Yoga,16.4,2.7,5,3,19.65,106.8,High
24,Female,175,127,68,546.0,Yoga,30.8,1.5,3,1,23.53,51.6,Medium
26,Female,199,139,72,751.0,Strength,25.6,1.7,2,1,28.87,64.80000000000001,High
41,Male,175,133,58,744.0,Yoga,21.4,2.8,3,2,21.53,67.8,High
18,Female,176,158,71,1003.0,Strength,32.0,2.2,4,2,19.42,76.2,High
25,Male,174,156,67,1150.0,Cardio,21.4,2.3,3,2,29.71,80.4,High
41,Female,175,169,65,1103.0,Strength,31.4,2.0,4,2,22.89,87.0,High
28,Male,174,153,50,917.0,Yoga,20.5,3.5,4,2,29.61,65.4,High
34,Female,193,130,51,416.0,HIIT,29.1,2.7,2,1,29.53,38.4,Medium
25,Male,170,159,63,1688.0,HIIT,10.9,3.5,4,3,31.44,115.8,High
52,Female,160,152,63,1231.0,Cardio,15.5,2.7,4,3,21.53,108.0,High
52,Male,174,150,50,936.0,Cardio,25.7,3.7,3,2,27.85,75.6,High
50,Female,185,163,74,924.0,HIIT,34.3,2.6,3,1,22.31,75.6,High
22,Male,163,153,65,1052.0,Strength,20.5,2.7,3,2,30.3,75.0,High
59,Female,164,169,64,441.0,Cardio,29.2,2.3,3,1,22.15,34.8,Medium
56,Male,194,126,64,805.0,Yoga,27.1,2.7,2,1,40.71,77.4,High
58,Male,172,168,61,1106.0,Cardio,24.6,3.1,3,1,37.56,79.80000000000001,High
45,Female,169,142,65,735.0,Strength,33.1,1.9,4,2,26.05,69.0,High
24,Female,170,165,63,1625.0,Cardio,15.9,2.7,4,3,18.76,118.2,High
26,Male,177,126,73,804.0,Yoga,29.6,3.0,3,2,29.61,69.6,High
25,Female,193,144,64,1073.0,Yoga,28.9,2.1,4,2,15.7,89.4,High
29,Male,198,122,72,805.0,Yoga,23.4,2.0,3,2,22.61,72.0,High
51,Male,182,157,64,420.0,Strength,28.7,3.3,3,1,34.5,32.400000000000006,Medium
50,Male,166,139,68,667.0,Strength,25.6,2.0,3,1,18.12,58.199999999999996,High
40,Female,198,153,57,1369.0,Yoga,17.6,2.7,5,3,17.54,107.4,High
41,Male,162,168,51,424.0,Yoga,27.3,2.5,2,1,18.66,30.6,Medium
54,Male,171,163,51,1404.0,Strength,12.9,3.5,5,3,23.09,104.4,High
52,Female,166,163,59,1020.0,Strength,26.6,1.5,3,2,31.41,83.39999999999999,High
57,Female,185,149,52,677.0,Strength,31.7,2.0,4,2,29.87,60.6,High
39,Female,192,136,72,979.0,HIIT,26.3,1.6,3,2,21.64,86.39999999999999,High
44,Female,196,129,66,819.0,Strength,33.1,2.6,4,2,25.68,84.6,High
52,Male,174,154,57,1357.0,Yoga,14.9,3.5,4,3,25.81,106.8,High
18,Male,161,139,72,1315.0,HIIT,11.9,3.5,4,3,23.52,103.2,High
52,Male,166,137,53,685.0,Strength,24.4,2.7,4,2,27.85,60.6,High
54,Male,191,164,63,446.0,Yoga,20.5,2.8,3,1,23.74,33.0,Medium
31,Female,163,163,70,888.0,Cardio,25.1,1.9,3,2,16.52,65.4,High
20,Male,179,146,59,1357.0,HIIT,14.6,3.5,5,3,20.88,101.39999999999999,High
18,Male,195,168,50,1303.0,Yoga,21.3,3.1,2,1,30.52,84.6,High
22,Female,191,155,53,790.0,Cardio,29.5,2.4,4,2,26.65,61.2,High
43,Male,187,142,50,858.0,Yoga,28.2,3.1,4,2,24.16,73.2,High
31,Male,172,151,66,1071.0,Strength,28.9,3.3,3,2,27.96,77.4,High
56,Male,160,129,66,639.0,Strength,25.2,3.5,2,1,34.06,60.0,High
44,Male,194,130,56,824.0,Cardio,25.7,3.5,4,2,29.26,76.8,High
26,Male,189,157,72,1701.0,Strength,13.3,3.5,5,3,30.54,118.2,High
32,Male,195,125,69,880.0,Yoga,29.6,3.1,3,1,29.95,76.8,High
32,Female,184,160,64,408.0,Cardio,31.0,1.8,2,1,21.41,30.6,Medium
43,Female,175,166,62,1479.0,Yoga,17.8,2.7,4,3,17.88,118.8,High
59,Male,178,153,51,500.0,Yoga,20.1,3.1,3,1,34.24,39.6,Medium
30,Male,160,155,68,1373.0,Yoga,10.4,3.5,5,3,22.43,96.60000000000001,High
49,Female,164,156,73,870.0,Strength,30.8,2.1,3,2,14.93,74.4,High
56,Male,181,136,62,458.0,Strength,29.4,3.2,3,1,15.08,40.800000000000004,Medium
49,Male,183,159,73,1503.0,Yoga,14.3,3.5,5,3,21.78,114.6,High
21,Male,196,159,60,1207.0,HIIT,29.8,3.4,3,2,45.43,82.8,High
47,Female,195,131,71,837.0,Yoga,30.3,2.4,4,2,18.26,85.19999999999999,High
54,Male,195,140,64,811.0,Yoga,27.9,3.4,2,1,22.64,70.19999999999999,High
40,Female,163,159,59,1041.0,Cardio,33.4,1.6,3,2,24.5,78.60000000000001,High
56,Male,195,138,58,451.0,Yoga,26.5,2.1,2,1,24.55,39.6,Medium
32,Female,177,122,58,756.0,Strength,28.4,1.8,2,1,26.86,74.4,High
46,Female,175,137,69,1042.0,Cardio,17.3,2.7,4,3,22.08,101.39999999999999,High
53,Male,177,138,50,608.0,HIIT,28.6,3.5,3,1,24.75,53.4,High
30,Female,181,166,66,1046.0,Cardio,28.0,2.5,4,2,30.18,75.6,High
49,Male,161,125,61,854.0,HIIT,29.2,3.2,2,1,31.61,82.8,High
24,Female,180,135,59,958.0,Cardio,27.3,2.3,4,2,19.63,85.19999999999999,High
39,Male,195,127,54,678.0,Cardio,27.5,3.2,3,1,23.05,58.199999999999996,High
45,Male,198,167,67,1265.0,HIIT,13.2,3.5,4,3,27.93,91.8,High
19,Female,198,137,64,877.0,Strength,32.5,2.6,3,2,23.59,76.8,High
59,Male,188,167,55,885.0,Strength,24.4,3.4,3,1,13.23,64.2,High
23,Male,185,162,56,624.0,Strength,29.3,3.1,3,1,25.65,42.0,High
45,Female,180,158,66,1038.0,Cardio,31.3,2.3,3,1,20.55,87.6,High
45,Male,176,168,55,1214.0,Yoga,22.9,2.4,3,2,14.54,87.6,High
37,Male,175,168,57,499.0,Cardio,26.4,3.1,2,1,28.97,32.400000000000006,Medium
47,Female,190,131,61,1150.0,Yoga,16.4,2.7,4,3,26.1,117.0,High
28,Female,168,164,70,1082.0,Yoga,27.9,2.0,3,2,20.06,79.2,High
45,Male,190,129,63,530.0,Strength,24.0,2.3,2,1,38.78,49.8,Medium
42,Male,173,126,61,886.0,Yoga,28.5,3.4,4,2,16.04,85.19999999999999,High
56,Female,196,165,72,913.0,Cardio,30.0,2.1,4,2,12.47,73.8,High
50,Female,161,120,59,362.0,Cardio,31.8,2.7,3,1,21.91,40.2,Medium
18,Male,173,168,71,1201.0,Strength,23.9,2.5,2,1,27.01,78.0,High
44,Female,192,155,69,711.0,HIIT,27.6,2.1,3,1,22.69,61.2,High
30,Male,194,140,64,832.0,Cardio,29.5,2.8,3,2,39.16,64.80000000000001,High
58,Male,198,156,56,1151.0,Yoga,26.0,2.2,3,2,29.88,89.4,High
20,Male,179,143,58,1070.0,Cardio,29.3,2.7,3,2,27.69,81.60000000000001,High
56,Male,161,144,59,1119.0,Cardio,11.0,3.5,4,3,25.86,94.2,High
23,Male,178,126,59,1074.0,Cardio,10.7,3.5,4,3,24.97,93.0,High
25,Female,196,161,65,837.0,HIIT,33.6,1.8,4,2,16.42,62.400000000000006,High
44,Female,177,136,56,967.0,Yoga,18.4,2.7,5,3,25.58,94.80000000000001,High
26,Female,175,148,54,844.0,Strength,26.9,1.7,3,1,23.07,68.39999999999999,High
54,Female,163,149,72,852.0,Cardio,27.7,1.8,2,1,22.82,76.2,High
50,Male,171,126,52,574.0,Yoga,28.0,2.4,2,1,13.03,55.2,Medium
59,Male,188,152,67,813.0,Yoga,24.5,3.2,3,1,30.22,64.80000000000001,High
41,Male,166,126,60,680.0,Strength,26.7,2.1,4,2,15.9,65.4,High
32,Male,173,143,64,1195.0,Cardio,11.6,3.5,5,3,24.87,91.2,High
49,Female,171,130,70,644.0,HIIT,28.8,2.2,3,1,18.18,66.0,High
49,Male,194,128,69,925.0,Yoga,29.9,3.3,3,1,26.77,87.6,High
41,Male,164,131,54,778.0,Strength,22.5,2.8,3,2,22.16,72.0,High
58,Female,176,154,73,1095.0,HIIT,17.5,2.7,4,3,19.88,94.80000000000001,High
29,Female,191,123,61,418.0,Yoga,33.4,2.6,3,1,17.94,40.800000000000004,Medium
56,Female,169,155,53,767.0,Cardio,27.4,2.3,3,2,19.67,66.0,High
19,Female,176,147,64,772.0,Yoga,29.2,2.4,3,1,17.16,63.0,High
20,Male,164,132,58,603.0,HIIT,26.2,2.3,3,1,37.87,49.8,High
54,Male,168,142,56,1082.0,HIIT,12.4,3.5,5,3,24.16,92.4,High
34,Female,192,138,59,1249.0,Cardio,17.3,2.7,5,3,17.94,108.60000000000001,High
19,Male,195,161,72,1133.0,Cardio,23.6,3.3,2,1,27.71,76.8,High
19,Male,195,156,62,1424.0,Strength,12.9,3.5,4,3,25.1,99.6,High
45,Male,177,158,57,1126.0,Cardio,26.2,3.4,4,2,14.61,86.39999999999999,High
40,Female,168,143,61,1337.0,Strength,18.3,2.7,5,3,19.63,112.2,High
54,Male,188,135,71,802.0,HIIT,20.7,2.6,4,2,31.17,72.0,High
49,Female,173,152,73,937.0,HIIT,31.3,1.8,3,2,22.54,82.2,High
50,Male,184,131,68,707.0,Yoga,29.5,2.7,4,2,15.65,65.4,High
18,Male,174,153,50,926.0,Yoga,25.4,3.3,4,2,21.02,66.0,High
36,Male,165,126,65,852.0,Strength,27.2,2.7,3,1,25.42,73.8,High
19,Female,188,130,71,800.0,Cardio,30.6,2.4,3,1,28.22,73.8,High
43,Male,174,150,66,988.0,Cardio,28.5,2.2,2,1,36.29,79.80000000000001,High
49,Female,188,148,74,686.0,Yoga,34.3,2.5,3,2,14.69,61.800000000000004,High
23,Female,163,132,67,370.0,HIIT,26.8,1.8,3,1,16.78,33.6,Medium
49,Female,177,150,60,979.0,Strength,29.4,1.8,4,2,29.56,87.0,High
21,Male,198,121,67,1138.0,HIIT,12.0,3.5,4,3,34.53,102.6,High
28,Male,175,158,56,1025.0,HIIT,24.1,3.0,3,1,18.28,70.8,High
34,Male,170,134,67,929.0,Cardio,21.3,2.1,4,2,26.73,75.6,High
55,Male,173,130,57,663.0,Strength,28.1,2.0,4,2,25.85,61.800000000000004,High
41,Female,162,153,55,1267.0,HIIT,15.2,2.7,5,3,25.08,110.4,High
22,Female,197,158,56,1177.0,Yoga,30.3,1.8,3,1,22.85,89.4,High
51,Female,177,123,72,598.0,Yoga,31.6,2.1,4,2,18.32,64.80000000000001,Medium
23,Male,179,130,71,1280.0,Cardio,11.0,3.5,4,3,21.16,107.4,High
39,Female,184,148,59,1443.0,Yoga,19.5,2.7,5,3,19.12,117.0,High
28,Male,197,121,60,799.0,Yoga,28.4,3.5,3,2,28.09,72.0,High
33,Female,172,135,74,796.0,HIIT,29.7,2.5,4,2,22.33,70.8,High
50,Male,163,158,62,1071.0,Yoga,24.1,2.8,4,2,16.28,82.2,High
26,Male,173,132,58,1241.0,Yoga,11.2,3.5,4,3,24.91,102.6,High
23,Female,192,156,56,1147.0,HIIT,32.3,1.5,4,2,26.26,88.2,High
33,Female,187,136,58,734.0,Cardio,26.3,2.1,3,1,26.67,64.80000000000001,High
46,Female,196,140,62,1153.0,Cardio,18.4,2.7,4,3,24.78,109.80000000000001,High
20,Female,167,163,52,1043.0,Strength,33.4,2.3,3,2,24.96,76.8,High
37,Male,193,138,52,842.0,Yoga,22.3,2.6,3,2,16.22,66.60000000000001,High
53,Female,164,126,50,703.0,HIIT,33.7,1.6,3,1,28.76,74.4,High
36,Female,164,157,70,887.0,Strength,25.3,1.8,4,2,21.3,67.8,High
43,Female,190,127,69,732.0,Cardio,34.1,2.4,2,1,18.67,76.8,High
20,Male,168,132,51,980.0,Cardio,21.2,2.6,4,2,29.11,81.0,High
36,Male,191,156,74,1021.0,HIIT,26.5,3.4,2,1,35.18,71.39999999999999,High
37,Female,192,121,52,732.0,Strength,27.5,1.9,3,2,23.53,72.6,High
49,Male,162,160,64,1481.0,Strength,14.2,3.5,4,3,23.73,112.2,High
24,Female,189,130,73,410.0,HIIT,30.1,1.7,3,1,19.01,37.8,Medium
58,Male,171,143,55,1111.0,HIIT,10.7,3.5,4,3,23.51,94.2,High
50,Male,188,125,62,903.0,Strength,25.7,2.7,3,2,32.69,87.6,High
57,Male,162,145,70,1292.0,Cardio,12.0,3.5,5,3,23.53,108.0,High
56,Male,185,126,50,680.0,Yoga,26.6,2.8,3,2,36.02,65.4,High
35,Female,189,158,69,790.0,Cardio,33.8,1.5,4,2,25.07,60.0,High
57,Female,168,138,68,900.0,HIIT,29.1,1.6,4,2,28.15,87.0,High
18,Female,185,125,50,1169.0,Strength,16.4,2.7,4,3,25.28,112.2,High
28,Male,161,162,70,1034.0,Strength,20.1,2.3,3,2,29.07,69.6,High
45,Female,162,148,71,959.0,Yoga,30.7,1.6,3,1,16.35,86.39999999999999,High
42,Female,163,162,51,940.0,Strength,29.0,1.9,3,2,16.56,77.4,High
40,Female,184,158,64,1224.0,Yoga,16.9,2.7,4,3,21.26,93.0,High
48,Male,172,121,63,815.0,Cardio,21.8,3.6,4,2,28.43,81.60000000000001,High
47,Male,198,138,68,820.0,Cardio,24.3,2.9,4,2,17.75,72.0,High
59,Male,194,123,60,688.0,Strength,29.8,3.1,3,2,28.05,67.8,High
52,Female,182,125,64,900.0,Strength,16.5,2.7,4,3,21.36,96.0,High
24,Female,168,168,55,832.0,HIIT,31.0,1.9,2,1,15.02,59.4,High
33,Female,161,156,69,1006.0,HIIT,32.8,1.9,4,2,28.49,77.4,High
43,Male,190,147,58,597.0,Strength,27.5,2.0,2,1,34.68,49.199999999999996,Medium
19,Male,161,149,54,1074.0,Strength,23.3,2.9,2,1,30.37,78.60000000000001,High
18,Female,191,126,69,699.0,Cardio,31.1,2.1,2,1,19.01,66.60000000000001,High
29,Male,177,128,51,993.0,Strength,28.7,2.3,3,1,21.49,84.6,High
22,Male,172,144,55,919.0,HIIT,20.2,3.3,3,2,29.98,69.6,High
54,Male,164,152,67,579.0,Cardio,24.4,2.8,2,1,18.88,46.2,Medium
49,Male,169,120,72,832.0,Yoga,22.2,2.6,4,2,15.72,84.0,High
26,Female,184,125,68,506.0,HIIT,28.9,1.7,3,1,25.73,48.6,Medium
58,Male,193,137,58,739.0,HIIT,24.2,2.9,2,1,24.36,65.4,High
52,Male,196,129,70,594.0,Cardio,27.5,3.3,2,1,15.24,55.800000000000004,Medium
36,Male,189,147,73,1075.0,Yoga,20.9,2.5,3,1,25.23,79.80000000000001,High
33,Male,166,130,55,744.0,HIIT,25.1,2.4,3,2,45.14,62.400000000000006,High
20,Female,165,152,63,1056.0,Strength,30.6,2.1,4,2,25.36,83.39999999999999,High
37,Female,162,120,73,666.0,HIIT,29.9,1.7,3,2,26.47,66.60000000000001,High
41,Male,172,132,62,660.0,Cardio,27.3,3.1,4,2,26.64,60.6,High
50,Male,162,156,60,1012.0,Cardio,23.8,3.0,2,1,17.72,78.60000000000001,High
41,Male,185,139,61,1163.0,Cardio,14.7,3.5,4,3,25.75,101.39999999999999,High
28,Male,183,120,68,878.0,HIIT,24.8,2.1,4,2,33.86,79.80000000000001,High
25,Male,165,122,68,772.0,Yoga,25.7,2.1,3,2,12.73,69.0,High
53,Male,171,137,70,353.0,Strength,28.3,3.1,2,1,34.29,31.200000000000003,Medium
55,Female,195,160,68,763.0,Cardio,27.8,1.9,2,1,28.92,63.6,High
57,Male,161,133,73,632.0,Yoga,20.8,2.1,2,1,47.72,57.599999999999994,High
37,Female,170,150,62,982.0,Strength,32.1,2.4,3,1,22.15,78.60000000000001,High
52,Female,198,146,63,880.0,Cardio,29.8,1.9,3,2,20.16,80.4,High
42,Male,193,136,73,680.0,Strength,29.0,2.8,3,2,26.84,60.6,High
52,Female,185,165,67,1010.0,Strength,34.8,1.8,3,2,26.61,81.60000000000001,High
42,Female,177,148,61,713.0,Yoga,29.0,2.3,3,2,25.35,64.2,High
46,Female,180,155,53,1060.0,Strength,17.1,2.7,4,3,20.38,91.2,High
35,Female,195,156,59,803.0,Cardio,29.1,1.9,4,2,19.69,61.800000000000004,High
35,Female,199,145,66,1182.0,Yoga,16.6,2.7,5,3,25.39,97.8,High
19,Female,181,136,53,952.0,HIIT,32.8,2.7,2,1,18.77,84.0,High
52,Male,189,141,61,949.0,HIIT,27.6,3.2,3,1,40.09,81.60000000000001,High
33,Female,189,144,62,662.0,Yoga,29.8,1.7,3,1,20.4,55.2,High
58,Female,167,121,53,610.0,HIIT,25.4,2.0,3,2,24.54,67.2,High
53,Female,193,141,59,964.0,Strength,16.5,2.7,5,3,17.57,91.2,High
50,Male,168,124,74,497.0,Cardio,22.9,2.7,2,1,31.14,48.6,Medium
21,Female,179,123,52,1212.0,Strength,19.1,2.7,5,3,20.76,118.2,High
50,Male,199,155,64,1136.0,Yoga,20.9,2.9,2,1,17.61,88.8,High
31,Female,184,125,51,962.0,Cardio,19.0,2.7,4,3,23.46,92.4,High
38,Male,178,140,74,616.0,Yoga,26.7,3.4,2,1,29.21,48.0,High
37,Male,164,132,74,1009.0,Yoga,27.3,3.0,2,1,17.46,83.39999999999999,High
25,Female,170,156,66,1053.0,Yoga,29.3,1.6,3,2,23.75,81.0,High
24,Female,174,144,55,598.0,Strength,31.8,2.3,3,1,13.71,49.8,Medium
20,Male,167,145,57,502.0,Cardio,26.1,2.0,2,1,34.83,37.8,Medium
34,Female,178,158,52,1161.0,Cardio,32.7,2.4,3,1,30.1,88.2,High
50,Male,182,139,74,1232.0,Cardio,12.2,3.5,5,3,31.75,107.4,High
29,Male,186,152,67,1137.0,Strength,24.7,3.1,4,2,31.48,81.60000000000001,High
39,Male,199,133,71,593.0,HIIT,26.4,2.5,2,1,26.64,48.6,Medium
39,Male,191,155,50,938.0,Strength,21.1,2.5,4,2,32.32,66.0,High
47,Male,185,136,65,922.0,Strength,24.4,3.4,4,2,24.25,82.2,High
55,Female,186,140,56,567.0,Yoga,34.7,2.4,2,1,15.02,54.0,Medium
55,Male,178,165,52,923.0,Cardio,20.4,2.6,4,2,45.49,67.8,High
25,Male,188,135,72,1054.0,Cardio,23.2,2.5,2,1,29.26,85.19999999999999,High
44,Female,198,165,53,1047.0,HIIT,28.1,2.2,3,1,24.25,84.6,High
44,Male,192,135,58,936.0,HIIT,26.3,2.0,4,2,22.55,84.0,High
51,Female,178,139,54,876.0,Yoga,26.1,1.6,3,1,29.26,84.0,High
38,Female,196,148,68,792.0,Cardio,31.3,1.7,3,2,19.98,64.2,High
47,Female,178,147,64,979.0,HIIT,26.0,1.7,3,2,17.47,88.8,High
50,Male,192,127,57,333.0,HIIT,20.9,2.9,2,1,36.47,31.8,Medium
45,Male,175,143,55,729.0,Cardio,27.3,3.7,3,2,25.49,61.800000000000004,High
50,Male,182,122,67,465.0,Strength,23.2,3.1,2,1,34.14,46.2,Medium
22,Female,166,144,68,1166.0,HIIT,19.9,2.7,4,3,21.26,97.2,High
36,Male,185,138,73,987.0,Cardio,20.4,2.1,4,2,43.31,78.0,High
21,Female,191,152,64,1474.0,HIIT,17.2,2.7,4,3,24.87,116.39999999999999,High
52,Male,171,121,56,874.0,Yoga,21.1,2.9,3,2,19.21,87.6,High
34,Female,167,134,59,911.0,HIIT,28.5,2.1,2,1,29.56,81.60000000000001,High
45,Male,164,141,55,796.0,Cardio,30.0,2.2,4,2,31.4,68.39999999999999,High
47,Male,187,129,63,1181.0,HIIT,14.4,3.5,5,3,24.51,111.0,High
46,Male,164,137,66,970.0,Yoga,20.5,3.6,3,2,18.62,85.8,High
23,Female,185,141,58,1177.0,Yoga,17.8,2.7,5,3,18.62,100.19999999999999,High
52,Female,164,165,68,1359.0,HIIT,18.2,2.7,4,3,28.46,109.80000000000001,High
58,Male,181,168,54,840.0,HIIT,22.1,2.7,2,1,35.82,60.6,High
54,Male,174,146,72,585.0,Yoga,21.5,3.7,2,1,21.72,48.6,Medium
41,Female,172,132,56,832.0,Yoga,34.0,2.0,4,2,23.94,84.0,High
46,Female,187,152,68,684.0,Strength,34.7,2.2,4,2,24.34,60.0,High
48,Female,192,124,69,1105.0,Strength,20.0,2.7,4,3,25.2,118.8,High
52,Male,182,145,56,1321.0,Yoga,13.9,3.5,4,3,28.27,110.4,High
50,Female,192,132,73,742.0,HIIT,31.6,1.6,2,1,26.9,75.0,High
38,Male,177,146,51,1100.0,Cardio,23.5,2.8,3,1,15.8,82.2,High
49,Female,189,133,74,694.0,HIIT,26.7,1.8,4,2,16.2,69.6,High
40,Male,185,143,72,1022.0,HIIT,20.8,3.4,2,1,24.31,78.0,High
50,Female,175,122,65,1016.0,Strength,18.5,2.7,4,3,23.06,111.0,High
20,Female,172,166,62,863.0,Strength,32.8,2.4,3,2,29.92,62.400000000000006,High
35,Female,198,168,57,949.0,Strength,33.3,2.5,4,2,27.97,67.8,High
42,Female,192,149,55,764.0,Yoga,34.1,2.4,2,1,20.62,68.39999999999999,High
59,Female,185,154,55,714.0,Yoga,33.8,2.5,3,2,20.28,61.800000000000004,High
48,Male,160,167,58,1223.0,HIIT,30.0,2.3,3,2,22.79,88.8,High
20,Female,197,133,53,944.0,HIIT,27.4,2.0,4,2,23.92,85.19999999999999,High
57,Female,161,131,60,407.0,Cardio,32.6,2.3,3,1,28.49,41.4,Medium
41,Female,165,147,54,939.0,HIIT,30.9,2.3,3,2,26.47,85.19999999999999,High
49,Male,197,163,74,1468.0,HIIT,11.3,3.5,4,3,30.12,109.2,High
39,Female,183,148,66,903.0,Strength,34.8,2.4,2,1,26.13,73.2,High
40,Male,177,162,69,722.0,Strength,29.0,2.4,2,1,19.45,48.6,High
19,Female,186,136,56,653.0,Strength,26.3,1.6,2,1,20.91,57.599999999999994,High
44,Female,167,159,64,1066.0,Strength,25.3,2.6,3,2,13.51,89.4,High
59,Male,187,168,74,1123.0,Strength,26.9,3.0,3,2,28.44,81.0,High
19,Female,169,140,64,840.0,Cardio,31.0,1.7,4,2,23.64,72.0,High
43,Male,176,142,63,822.0,Cardio,29.4,3.3,3,1,20.71,70.19999999999999,High
34,Male,188,139,62,1086.0,Cardio,22.3,3.6,2,1,31.94,85.19999999999999,High
57,Female,165,130,60,842.0,Strength,25.8,1.7,3,2,14.88,86.39999999999999,High
50,Male,173,153,62,810.0,Yoga,22.6,3.4,4,2,31.05,64.2,High
26,Female,181,129,71,1096.0,Strength,15.1,2.7,5,3,26.01,102.0,High
56,Female,165,129,73,482.0,Strength,25.4,2.6,3,1,15.07,49.8,Medium
46,Male,185,162,58,1187.0,Cardio,29.1,3.6,3,2,14.36,88.8,High
59,Male,198,125,59,885.0,Strength,23.5,3.6,3,2,34.06,85.8,High
43,Male,171,155,53,875.0,Cardio,24.1,2.9,3,2,44.71,68.39999999999999,High
52,Male,194,143,66,927.0,Strength,20.2,2.6,3,2,23.97,78.60000000000001,High
42,Female,173,131,63,678.0,HIIT,27.7,1.5,3,2,21.87,69.0,High
41,Female,181,162,73,1451.0,Yoga,19.0,2.7,5,3,19.44,119.4,High
30,Male,182,142,67,500.0,Yoga,26.2,2.1,2,1,18.33,38.4,Medium
24,Female,166,146,60,1029.0,Cardio,32.5,2.0,3,1,22.76,84.6,High
53,Female,199,164,65,1100.0,HIIT,29.5,2.0,3,2,22.51,89.4,High
37,Female,184,156,50,881.0,Yoga,28.1,1.7,4,2,18.13,67.8,High
18,Female,172,125,56,525.0,Cardio,29.8,2.0,3,1,30.26,50.4,Medium
25,Male,180,120,59,442.0,Strength,23.2,2.3,3,1,19.91,40.2,Medium
33,Male,169,125,58,949.0,Strength,28.4,3.4,2,1,28.69,82.8,High
31,Female,168,169,74,1318.0,HIIT,16.5,2.7,4,3,23.81,93.60000000000001,High
29,Male,174,141,52,496.0,Yoga,26.6,2.5,2,1,27.52,38.4,Medium
40,Male,161,160,71,792.0,Strength,21.4,3.0,3,1,15.61,54.0,High
32,Male,184,143,72,448.0,Cardio,26.9,2.9,3,1,37.76,34.199999999999996,Medium
45,Female,172,144,63,888.0,Strength,34.1,1.6,3,1,25.23,82.2,High
51,Female,193,134,74,555.0,Strength,31.1,2.6,3,1,34.25,55.2,Medium
19,Female,193,145,64,877.0,Yoga,30.6,2.1,3,2,17.93,72.6,High
49,Male,194,127,51,440.0,Yoga,29.6,2.6,3,1,19.65,42.0,Medium
40,Female,197,143,73,1380.0,Cardio,18.1,2.7,5,3,26.74,115.8,High
39,Female,162,167,63,768.0,HIIT,27.6,1.7,3,1,22.26,55.2,High
42,Male,165,157,65,886.0,HIIT,22.9,2.6,3,2,19.69,68.39999999999999,High
39,Female,178,125,56,1175.0,Strength,18.5,2.7,4,3,21.65,112.8,High
39,Female,162,154,53,1024.0,Cardio,32.4,1.5,3,2,25.51,79.80000000000001,High
59,Male,177,161,67,1036.0,HIIT,23.0,2.6,4,2,34.89,78.0,High
23,Male,198,120,73,891.0,HIIT,23.5,2.9,2,1,28.43,81.0,High
32,Male,168,165,54,1289.0,Strength,29.9,3.5,2,1,18.53,85.19999999999999,High
54,Female,171,155,55,830.0,Cardio,26.0,2.3,4,2,18.67,71.39999999999999,High
50,Female,164,131,56,943.0,HIIT,17.0,2.7,4,3,18.23,96.0,High
25,Female,162,157,64,1123.0,Yoga,25.6,1.6,3,2,25.41,85.8,High
22,Male,170,130,50,715.0,Yoga,28.2,2.3,4,2,32.24,60.0,High
56,Male,189,131,73,817.0,Strength,20.9,2.7,4,2,38.73,75.6,High
21,Female,163,161,53,1103.0,Strength,31.7,1.7,4,2,22.98,82.2,High
23,Female,164,169,74,1056.0,Strength,25.6,1.5,2,1,24.13,75.0,High
49,Male,160,158,50,806.0,Strength,26.7,3.4,3,2,29.98,61.800000000000004,High
47,Male,186,126,60,1160.0,HIIT,14.2,3.5,5,3,34.53,111.60000000000001,High
52,Male,187,130,67,598.0,Cardio,24.0,2.0,2,1,26.46,55.800000000000004,Medium
57,Male,188,155,63,882.0,Strength,25.2,3.4,4,2,28.78,69.0,High
33,Female,177,150,71,638.0,Strength,29.0,1.7,2,1,22.27,51.0,High
30,Male,171,152,60,1145.0,HIIT,23.0,3.7,3,2,23.08,82.2,High
59,Female,172,132,59,725.0,Strength,33.0,2.2,2,1,15.46,73.2,High
47,Female,161,137,66,845.0,Strength,27.7,2.4,3,2,22.18,82.2,High
36,Female,196,160,53,1200.0,Cardio,32.2,1.6,4,2,15.59,90.0,High
34,Male,175,143,73,574.0,Yoga,22.1,3.5,3,1,29.7,43.8,Medium
36,Male,183,128,64,767.0,Strength,22.5,3.4,4,2,14.78,65.4,High
45,Male,194,150,65,973.0,HIIT,23.4,3.1,4,2,19.74,78.60000000000001,High
43,Male,181,160,70,1505.0,Cardio,12.9,3.5,5,3,21.8,114.0,High
54,Female,195,129,62,720.0,HIIT,29.5,2.1,2,1,22.1,74.4,High
43,Male,170,121,58,707.0,Cardio,27.5,3.2,2,1,19.37,70.8,High
40,Male,188,157,60,1192.0,Cardio,22.1,2.0,3,1,25.13,82.8,High
26,Female,194,134,60,1293.0,Strength,15.1,2.7,5,3,28.49,115.8,High
29,Male,174,122,55,1020.0,Strength,13.9,3.5,4,3,33.04,91.2,High
18,Female,190,162,50,996.0,Strength,33.2,2.2,4,2,24.52,73.8,High
18,Female,175,150,71,1425.0,Yoga,15.3,2.7,4,3,22.41,114.0,High
51,Female,169,125,55,838.0,Yoga,31.1,2.5,4,2,25.35,89.4,High
49,Female,191,122,62,626.0,HIIT,28.8,1.9,4,2,26.41,68.39999999999999,High
42,Female,161,130,71,608.0,Strength,32.9,1.6,3,1,14.1,62.400000000000006,High
57,Female,183,134,73,724.0,Yoga,33.7,2.0,4,2,19.35,72.0,High
18,Female,182,164,71,492.0,Strength,33.5,2.4,3,1,26.33,36.0,Medium
33,Female,161,147,54,1301.0,Yoga,18.9,2.7,4,3,21.45,106.2,High
56,Male,197,129,64,639.0,Yoga,22.7,2.2,3,2,36.22,60.0,High
22,Male,190,157,67,1278.0,Cardio,28.1,2.4,4,2,29.83,88.8,High
39,Male,199,166,69,1205.0,Strength,25.3,2.3,3,1,19.76,79.2,High
46,Male,185,169,63,1171.0,Strength,20.5,3.4,3,1,40.45,84.0,High
20,Female,188,169,64,422.0,Yoga,29.6,1.6,2,1,20.47,30.0,Medium
29,Male,162,126,54,1005.0,Strength,29.4,3.2,2,1,20.63,87.0,High
43,Female,173,134,53,440.0,Yoga,33.9,1.9,2,1,15.5,43.8,Medium
33,Male,184,137,51,1198.0,Strength,10.5,3.5,4,3,20.66,95.4,High
54,Male,160,137,56,868.0,Cardio,27.4,3.3,4,2,17.63,76.8,High
39,Male,162,160,59,634.0,Strength,28.1,3.6,2,1,30.47,43.199999999999996,High
46,Female,185,143,65,566.0,Cardio,27.7,1.6,3,1,22.23,52.8,Medium
31,Male,177,121,59,992.0,HIIT,24.7,2.5,4,2,26.95,89.4,High
45,Female,168,159,67,894.0,Strength,32.1,2.5,4,2,17.92,75.0,High
22,Female,197,139,66,883.0,Strength,29.4,1.8,3,2,20.05,76.2,High
47,Male,182,153,70,1500.0,Strength,10.6,3.5,4,3,21.87,118.8,High
22,Male,180,162,62,1203.0,Cardio,27.1,2.4,4,2,36.25,81.0,High
29,Male,160,145,50,1316.0,Strength,14.6,3.5,5,3,20.61,99.0,High
33,Female,180,126,50,1159.0,Strength,18.3,2.7,5,3,24.78,110.4,High
43,Male,186,157,64,995.0,Yoga,27.7,3.4,2,1,28.02,76.8,High
43,Female,165,149,50,1247.0,HIIT,16.8,2.7,5,3,24.64,111.60000000000001,High
38,Female,195,161,55,499.0,Cardio,26.8,2.7,2,1,12.67,37.2,Medium
56,Male,187,124,74,927.0,Yoga,13.2,3.5,5,3,23.59,90.6,High
53,Male,176,130,62,444.0,Cardio,23.3,2.9,3,1,31.04,41.4,Medium
50,Female,199,120,50,1042.0,Yoga,19.3,2.7,5,3,23.27,115.8,High
47,Female,162,153,54,1060.0,HIIT,15.6,2.7,5,3,19.69,92.4,High
54,Female,171,120,58,940.0,Yoga,17.2,2.7,4,3,27.55,104.4,High
40,Male,198,138,74,1085.0,Cardio,24.0,2.5,3,2,14.85,85.8,High
27,Female,171,121,66,569.0,Strength,34.4,2.0,3,1,22.44,56.4,Medium
22,Male,161,140,65,393.0,Strength,21.5,2.3,3,1,18.37,30.6,Medium
53,Female,181,139,57,663.0,HIIT,25.1,2.4,4,2,23.53,63.6,High
51,Female,182,142,66,914.0,Cardio,27.4,2.4,3,1,25.02,85.8,High
48,Male,189,140,64,700.0,Cardio,28.2,3.5,3,2,32.7,60.6,High
27,Female,164,143,73,994.0,Cardio,27.1,1.5,2,1,18.1,83.39999999999999,High
36,Male,168,123,50,1218.0,HIIT,11.2,3.5,5,3,22.32,108.0,High
49,Male,180,131,61,739.0,Strength,21.3,3.0,4,2,17.44,68.39999999999999,High
18,Female,170,141,54,1396.0,Yoga,18.6,2.7,5,3,27.68,118.8,High
22,Male,164,139,73,795.0,HIIT,20.7,2.4,3,1,14.59,62.400000000000006,High
21,Male,194,137,55,1356.0,Yoga,11.7,3.5,4,3,22.41,108.0,High
33,Female,186,120,74,948.0,Strength,16.4,2.7,5,3,24.13,94.80000000000001,High
41,Male,161,149,50,900.0,HIIT,25.6,2.6,3,2,21.39,73.2,High
33,Male,183,152,74,1170.0,Strength,27.3,3.3,4,2,41.6,84.0,High
19,Male,190,143,50,952.0,Yoga,25.3,2.3,4,2,27.79,72.6,High
45,Female,192,133,59,395.0,Cardio,34.3,2.3,2,1,26.57,39.6,Medium
49,Male,198,155,59,921.0,Cardio,29.5,3.1,3,2,39.3,72.0,High
44,Female,189,124,52,491.0,Yoga,28.6,2.6,2,1,15.5,52.8,Medium
37,Female,196,130,66,448.0,Cardio,32.8,2.4,2,1,30.89,41.4,Medium
41,Male,187,143,68,545.0,Yoga,27.4,3.4,2,1,23.14,46.2,Medium
29,Male,190,150,60,627.0,HIIT,28.9,2.9,2,1,23.53,45.6,High
52,Male,170,132,67,555.0,HIIT,24.5,2.3,2,1,15.88,51.0,Medium
50,Female,182,135,51,729.0,HIIT,30.3,2.0,2,1,24.55,72.0,High
50,Male,161,143,58,1203.0,Cardio,12.1,3.5,4,3,32.63,102.0,High
54,Male,199,132,73,882.0,Strength,28.5,2.9,3,2,33.45,81.0,High
29,Male,186,143,66,1479.0,Cardio,11.1,3.5,5,3,23.65,112.8,High
20,Male,194,145,63,997.0,Cardio,22.4,3.2,3,2,37.53,75.0,High
18,Male,161,121,53,586.0,Strength,23.7,3.0,3,1,18.12,52.8,Medium
50,Female,198,135,66,753.0,Strength,27.3,2.0,4,2,23.56,74.4,High
57,Female,196,157,66,926.0,Strength,30.6,1.8,3,2,26.36,78.60000000000001,High
27,Male,180,165,61,1025.0,Strength,21.3,2.3,2,1,19.71,67.8,High
46,Male,164,120,69,873.0,Cardio,23.2,3.2,3,2,28.59,88.2,High
30,Male,180,168,67,1155.0,Yoga,29.1,3.1,2,1,22.17,75.0,High
29,Male,188,130,52,937.0,HIIT,24.1,3.2,4,2,34.63,78.60000000000001,High
48,Female,179,154,60,1012.0,Yoga,32.5,1.9,4,2,26.58,87.6,High
19,Male,197,162,74,740.0,Cardio,21.1,2.4,2,1,34.12,49.8,High
52,Female,179,148,67,779.0,Strength,27.5,2.4,3,1,25.67,70.19999999999999,High
40,Female,184,156,53,920.0,HIIT,33.1,2.4,4,2,20.2,70.8,High
34,Male,161,136,66,1055.0,HIIT,27.6,2.8,3,2,46.9,84.6,High
43,Female,191,158,67,931.0,Yoga,28.9,2.2,3,1,28.88,78.60000000000001,High
25,Female,185,161,54,1304.0,Cardio,19.8,2.7,5,3,26.05,97.2,High
46,Female,165,147,63,463.0,Cardio,34.1,1.9,2,1,19.1,42.0,Medium
43,Female,162,148,59,886.0,Cardio,34.6,2.3,3,2,15.5,79.80000000000001,High
27,Male,192,162,64,1622.0,HIIT,12.1,3.5,4,3,33.2,109.2,High
43,Male,160,122,50,658.0,Yoga,22.0,3.4,3,1,35.51,65.4,High
51,Female,164,129,65,499.0,HIIT,31.3,2.3,3,1,26.52,51.6,Medium
58,Male,172,161,60,964.0,HIIT,26.8,2.9,2,1,21.27,72.6,High
24,Male,178,133,72,710.0,Strength,21.3,2.8,3,1,18.29,58.199999999999996,High
21,Male,171,131,69,699.0,Yoga,27.9,3.1,3,1,26.69,58.199999999999996,High
28,Male,184,166,55,959.0,Strength,20.2,3.2,3,2,32.66,63.0,High
46,Male,194,161,73,725.0,Cardio,24.8,2.9,2,1,18.39,54.6,High
53,Female,171,149,71,898.0,HIIT,28.3,2.2,3,2,21.26,80.4,High
42,Male,189,151,65,1151.0,Yoga,13.7,3.5,5,3,26.01,92.4,High
38,Male,164,151,51,1379.0,Cardio,11.6,3.5,5,3,27.61,99.6,High
53,Male,193,161,50,1084.0,Yoga,28.3,2.2,4,2,31.3,81.60000000000001,High
27,Male,181,151,73,615.0,HIIT,25.9,3.6,3,1,18.35,44.4,High
54,Female,198,145,73,718.0,Yoga,32.9,2.4,4,2,30.51,66.0,High
26,Female,172,120,58,642.0,Cardio,34.9,1.9,4,2,19.91,64.2,High
41,Female,162,161,71,920.0,Strength,31.8,2.2,4,2,25.05,76.2,High
52,Female,179,121,61,768.0,HIIT,34.8,1.6,3,1,16.8,84.6,High
52,Male,190,136,66,1144.0,Strength,10.1,3.5,5,3,26.39,102.0,High
53,Female,164,149,74,711.0,HIIT,28.4,1.5,4,2,15.43,63.6,High
35,Male,183,158,64,730.0,Cardio,21.1,2.4,2,1,27.23,50.4,High
56,Male,199,126,68,412.0,HIIT,22.6,3.2,2,1,32.69,39.6,Medium
49,Male,192,146,71,932.0,Strength,28.4,3.4,4,2,24.31,77.4,High
41,Male,167,128,59,1185.0,HIIT,10.2,3.5,5,3,23.33,112.2,High
40,Male,183,141,61,946.0,Cardio,25.2,3.0,3,2,17.03,73.2,High
49,Female,179,153,63,881.0,HIIT,30.7,2.1,3,2,20.75,76.8,High
54,Female,175,165,58,1025.0,Strength,30.6,2.0,2,1,20.71,82.8,High
29,Female,171,168,62,907.0,Cardio,29.8,1.7,4,2,23.22,64.80000000000001,High
30,Female,172,120,52,780.0,Strength,32.9,1.6,3,2,25.22,78.0,High
40,Male,198,128,70,612.0,HIIT,21.3,3.3,2,1,20.1,52.2,High
42,Female,184,139,63,382.0,Yoga,28.1,2.6,2,1,14.87,36.6,Medium
52,Male,191,138,70,1011.0,Strength,26.2,2.8,4,2,21.63,88.8,High
58,Female,183,155,59,753.0,HIIT,31.9,2.3,3,1,17.93,64.80000000000001,High
47,Male,168,159,65,1133.0,Yoga,24.0,3.6,3,2,26.32,86.39999999999999,High
34,Male,199,164,56,731.0,Yoga,28.8,2.2,2,1,25.11,48.6,High
37,Female,182,123,53,597.0,Cardio,29.2,2.4,2,1,22.56,58.199999999999996,Medium
42,Male,172,128,69,868.0,Yoga,24.0,3.0,2,1,16.25,82.2,High
39,Male,191,160,72,1725.0,Strength,10.2,3.5,5,3,26.02,117.6,High
30,Female,174,141,74,1304.0,Strength,17.8,2.7,4,3,22.28,111.0,High
36,Male,195,137,60,1492.0,Yoga,13.5,3.5,5,3,24.16,118.8,High
53,Female,164,131,65,831.0,HIIT,26.1,2.2,4,2,28.35,84.6,High
29,Female,181,161,69,684.0,Strength,28.1,1.9,2,1,22.86,51.0,High
58,Female,175,162,53,933.0,Strength,32.8,2.3,4,2,26.19,76.8,High
36,Male,169,158,71,1199.0,Cardio,23.7,3.4,4,2,33.17,82.8,High
29,Male,183,128,71,1169.0,HIIT,11.2,3.5,4,3,31.63,99.6,High
26,Male,177,125,72,639.0,Yoga,26.7,2.2,2,1,26.75,55.800000000000004,High
24,Female,177,138,66,980.0,HIIT,27.0,2.1,3,2,27.82,85.19999999999999,High
45,Male,166,167,62,1066.0,Cardio,29.0,2.2,3,1,20.38,77.4,High
31,Female,163,166,60,913.0,Cardio,26.1,2.5,2,1,17.7,66.0,High
48,Female,185,126,52,777.0,HIIT,32.1,2.1,4,2,24.91,82.2,High
36,Male,164,135,58,757.0,Cardio,25.0,3.4,4,2,42.3,61.2,High
33,Female,175,124,55,558.0,Cardio,33.7,1.9,3,1,21.16,54.0,Medium
22,Male,194,135,71,386.0,Cardio,21.3,2.2,2,1,27.84,31.200000000000003,Medium
52,Male,185,120,70,796.0,HIIT,26.8,2.1,4,2,25.98,80.4,High
29,Male,177,156,60,1107.0,Cardio,25.7,2.5,4,2,32.51,77.4,High
42,Male,188,158,65,1314.0,Yoga,12.4,3.5,4,3,23.73,100.8,High
38,Male,182,138,68,1321.0,Yoga,12.5,3.5,5,3,27.59,104.4,High
53,Female,173,156,54,962.0,Strength,32.2,1.8,3,2,17.6,82.2,High
40,Female,174,136,63,415.0,Yoga,34.4,2.2,2,1,23.87,36.6,Medium
33,Female,192,145,66,834.0,Strength,25.9,1.5,4,2,23.95,69.0,High
56,Male,184,141,52,705.0,HIIT,20.2,2.9,4,2,31.84,60.6,High
59,Male,180,127,53,453.0,Cardio,28.1,2.7,3,1,21.16,43.199999999999996,Medium
56,Male,176,152,65,1332.0,Yoga,10.5,3.5,5,3,31.53,106.2,High
31,Female,182,121,65,883.0,Strength,34.9,2.2,3,1,13.78,87.6,High
48,Male,176,149,70,1401.0,HIIT,13.1,3.5,5,3,25.33,114.0,High
22,Female,173,166,74,1204.0,Strength,31.5,2.3,3,2,34.06,87.0,High
52,Female,188,139,53,794.0,Cardio,27.0,2.3,4,2,28.52,76.2,High
40,Male,179,137,68,851.0,Yoga,22.4,3.7,4,2,20.86,67.8,High
46,Male,189,162,66,1467.0,HIIT,13.3,3.5,5,3,21.07,109.80000000000001,High
28,Female,178,129,62,710.0,Strength,34.1,1.7,3,2,24.37,66.0,High
35,Male,198,143,71,810.0,HIIT,29.8,2.7,4,2,21.04,61.800000000000004,High
29,Female,172,123,72,910.0,Strength,27.0,2.0,3,1,23.76,88.8,High
26,Male,177,156,73,1004.0,Strength,21.3,2.7,3,2,23.84,70.19999999999999,High
27,Male,182,123,50,907.0,Cardio,20.6,3.1,2,1,30.76,80.4,High
34,Female,192,132,61,904.0,Cardio,33.7,2.1,4,2,30.4,82.2,High
55,Male,198,144,53,969.0,Strength,22.9,2.9,4,2,18.35,81.60000000000001,High
24,Female,199,132,60,825.0,Yoga,25.0,2.0,3,2,26.4,75.0,High
30,Male,177,137,54,957.0,HIIT,22.2,3.7,3,1,31.08,76.2,High
57,Female,168,143,51,592.0,HIIT,28.4,2.6,3,1,26.79,55.2,Medium
59,Female,192,121,66,637.0,Cardio,34.9,1.9,3,2,25.05,70.19999999999999,High
26,Male,191,167,57,937.0,Yoga,25.2,2.2,2,1,30.89,61.2,High
44,Female,176,152,55,958.0,Strength,27.0,2.5,2,1,26.16,84.0,High
19,Male,178,138,70,463.0,Cardio,23.3,3.7,3,1,16.27,36.6,Medium
22,Male,186,128,58,1345.0,Strength,11.7,3.5,5,3,23.88,114.6,High
46,Male,165,147,62,844.0,Strength,20.2,2.5,4,2,21.05,69.6,High
54,Female,194,154,60,672.0,Cardio,26.4,1.9,3,1,25.55,58.199999999999996,High
55,Female,196,158,65,768.0,Yoga,32.0,2.6,3,1,25.49,64.80000000000001,High
36,Male,193,129,65,972.0,HIIT,21.2,3.2,3,1,27.69,82.2,High
25,Male,179,120,51,686.0,Cardio,22.3,2.5,3,2,36.01,62.400000000000006,High
18,Female,184,161,59,1143.0,Yoga,28.5,2.2,3,2,27.18,85.19999999999999,High
39,Male,163,140,61,593.0,Strength,27.6,3.6,2,1,23.88,46.2,Medium
34,Male,169,128,57,472.0,Cardio,25.8,3.4,2,1,24.09,40.2,Medium
24,Female,169,166,60,1071.0,HIIT,31.9,2.4,2,1,21.34,77.4,High
42,Male,183,134,59,876.0,HIIT,25.7,3.3,3,2,20.2,79.2,High
21,Female,180,154,62,878.0,Strength,31.8,1.7,3,2,28.03,68.39999999999999,High
53,Male,170,124,74,331.0,Cardio,20.0,3.4,3,1,22.96,32.400000000000006,Medium
23,Female,186,160,66,1072.0,HIIT,34.3,1.8,2,1,26.16,80.4,High
48,Male,175,141,56,949.0,Cardio,21.1,3.6,3,1,33.21,81.60000000000001,High
36,Male,185,160,73,1646.0,HIIT,12.0,3.5,5,3,30.09,112.2,High
56,Female,189,142,52,927.0,Strength,32.7,1.9,2,1,27.12,87.0,High
44,Male,175,126,69,842.0,Strength,24.4,3.5,4,2,36.46,81.0,High
27,Female,166,142,62,895.0,Cardio,34.5,1.8,4,2,21.23,75.6,High
43,Male,175,163,68,831.0,Yoga,24.7,2.9,3,1,17.32,61.800000000000004,High
36,Female,194,144,56,886.0,Yoga,33.7,1.6,3,1,17.25,73.8,High
56,Female,175,146,58,848.0,Strength,33.1,2.3,2,1,17.51,77.4,High
20,Female,199,160,68,1016.0,HIIT,34.8,2.5,3,2,24.26,76.2,High
30,Female,171,125,62,644.0,Yoga,34.3,2.4,4,2,28.93,61.800000000000004,High
45,Male,194,153,71,818.0,Strength,29.0,2.9,4,2,14.85,64.80000000000001,High
37,Male,180,128,57,957.0,HIIT,27.3,2.1,4,2,24.35,81.60000000000001,High
45,Female,195,168,71,1111.0,HIIT,28.7,2.6,2,1,16.5,88.2,High
25,Female,176,152,67,1186.0,Yoga,15.5,2.7,4,3,17.85,93.60000000000001,High
58,Female,191,125,72,776.0,Strength,31.9,2.3,4,2,17.82,82.8,High
56,Male,165,156,51,525.0,HIIT,29.8,3.3,3,1,13.81,40.800000000000004,Medium
18,Male,183,150,67,1510.0,HIIT,13.6,3.5,4,3,21.66,109.80000000000001,High
20,Male,186,153,67,850.0,Cardio,29.3,3.4,3,2,40.26,60.6,High
30,Male,179,160,60,1091.0,Cardio,28.0,3.3,4,2,30.4,74.4,High
45,Female,184,148,50,759.0,Yoga,26.6,2.0,4,2,23.84,68.39999999999999,High
42,Female,161,133,63,1053.0,Cardio,16.2,2.7,5,3,20.62,105.6,High
50,Female,168,155,65,983.0,Strength,28.4,2.4,4,2,18.24,84.6,High
55,Male,187,155,60,529.0,Yoga,21.7,3.1,3,1,43.4,41.4,Medium
23,Male,197,134,50,656.0,Yoga,25.8,3.5,2,1,29.46,53.4,High
49,Male,162,127,56,1150.0,Cardio,14.9,3.5,4,3,22.15,109.80000000000001,High
38,Female,179,145,65,906.0,HIIT,32.6,2.5,3,1,21.8,75.0,High
33,Female,165,155,63,822.0,Strength,29.2,1.5,3,1,23.78,63.6,High
38,Male,198,167,64,946.0,Strength,20.0,2.6,4,2,15.49,61.800000000000004,High
28,Female,192,140,63,1022.0,Strength,28.1,1.5,4,2,25.57,87.6,High
54,Male,160,147,70,830.0,Yoga,25.3,2.2,3,2,20.7,68.39999999999999,High
53,Male,196,123,60,1139.0,Strength,11.6,3.5,5,3,31.75,112.2,High
52,Female,165,135,65,826.0,HIIT,26.1,2.2,3,1,24.72,81.60000000000001,High
36,Male,193,141,68,651.0,HIIT,24.4,3.5,3,1,41.84,50.4,High
37,Female,174,131,66,354.0,Cardio,27.5,1.6,2,1,25.73,32.400000000000006,Medium
35,Male,185,135,55,1322.0,Strength,14.5,3.5,5,3,25.01,106.8,High
58,Female,173,159,60,737.0,Yoga,26.0,2.0,4,2,26.43,61.800000000000004,High
31,Female,166,157,66,463.0,Cardio,25.5,2.6,2,1,19.51,35.4,Medium
32,Female,190,161,58,1344.0,HIIT,15.0,2.7,5,3,23.56,100.19999999999999,High
48,Male,183,156,67,1398.0,Strength,11.6,3.5,5,3,28.12,108.60000000000001,High
18,Male,190,148,66,1408.0,HIIT,13.3,3.5,5,3,24.31,103.8,High
20,Female,188,137,61,1171.0,Cardio,18.7,2.7,4,3,20.29,102.6,High
33,Female,191,129,72,806.0,HIIT,29.5,2.5,3,1,19.49,75.0,High
40,Male,176,161,71,1257.0,Strength,26.8,2.9,4,2,15.75,85.19999999999999,High
28,Male,173,158,71,921.0,Strength,23.6,3.3,4,2,37.11,63.6,High
29,Male,199,137,54,1319.0,Cardio,13.3,3.5,5,3,24.64,105.0,High
27,Female,195,120,60,714.0,Strength,25.4,2.1,4,2,27.57,71.39999999999999,High
49,Male,183,158,53,1009.0,HIIT,23.9,2.3,4,2,23.94,77.4,High
33,Male,186,140,53,1078.0,HIIT,27.9,2.2,3,2,33.5,84.0,High
25,Female,184,120,52,330.0,Yoga,33.0,1.7,2,1,32.34,33.0,Medium
55,Male,191,134,73,789.0,Yoga,27.2,2.6,4,2,24.76,71.39999999999999,High
29,Male,177,123,72,1028.0,Yoga,11.0,3.5,4,3,25.15,91.2,High
41,Male,177,139,74,1355.0,HIIT,11.2,3.5,5,3,30.05,118.2,High
45,Female,196,129,66,441.0,HIIT,35.0,2.6,3,1,23.17,45.6,Medium
25,Female,185,142,56,632.0,Cardio,26.0,2.5,2,1,16.14,53.4,High
45,Female,168,160,53,684.0,Yoga,26.8,2.0,3,1,20.14,57.0,High
53,Female,194,153,72,806.0,HIIT,26.3,2.1,4,2,30.59,70.19999999999999,High
43,Female,167,165,62,1240.0,Cardio,16.6,2.7,5,3,18.44,100.19999999999999,High
25,Female,179,167,61,935.0,HIIT,27.1,1.8,3,1,22.02,67.2,High
45,Female,181,152,50,807.0,Cardio,30.0,2.3,4,2,24.28,70.8,High
45,Male,178,153,70,1287.0,Yoga,12.4,3.5,5,3,27.35,102.0,High
54,Male,189,158,68,1158.0,Yoga,29.0,3.4,3,2,27.92,88.8,High
58,Female,187,129,70,743.0,Yoga,25.3,1.8,4,2,16.53,76.8,High
53,Male,194,139,69,894.0,HIIT,23.2,2.1,3,2,17.65,78.0,High
44,Male,170,120,67,748.0,HIIT,26.0,3.1,4,2,27.94,75.6,High
34,Female,190,132,60,746.0,Cardio,31.0,2.2,3,1,23.46,67.8,High
26,Male,198,120,69,759.0,Strength,24.8,2.7,3,2,15.23,69.0,High
50,Male,195,124,52,847.0,Strength,28.2,3.1,4,2,15.42,82.8,High
37,Male,189,135,66,1173.0,Yoga,10.3,3.5,5,3,23.35,94.80000000000001,High
30,Male,182,134,61,1076.0,Strength,28.2,2.9,4,2,35.79,87.6,High
45,Male,178,168,59,881.0,Yoga,24.9,2.4,3,2,31.14,63.6,High
46,Female,171,147,57,933.0,Cardio,26.3,2.0,3,1,16.19,84.6,High
30,Female,174,150,64,810.0,Strength,33.9,2.0,3,2,17.01,64.80000000000001,High
52,Female,190,142,54,479.0,Strength,31.5,2.6,3,1,35.04,45.0,Medium
23,Male,196,167,53,661.0,Yoga,21.6,3.6,2,1,35.44,43.199999999999996,High
35,Female,196,164,70,1050.0,Cardio,25.3,2.6,4,2,29.34,76.8,High
22,Male,174,162,69,1675.0,Strength,10.7,3.5,5,3,33.72,112.8,High
42,Male,188,136,68,350.0,Strength,26.1,3.2,3,1,27.66,31.200000000000003,Medium
19,Male,185,168,70,1173.0,Strength,21.8,3.0,4,2,34.34,76.2,High
27,Male,161,153,53,1515.0,Cardio,11.1,3.5,4,3,22.57,108.0,High
47,Female,179,132,64,303.0,Cardio,25.3,2.3,3,1,16.54,30.6,Medium
22,Female,174,133,66,978.0,Strength,32.2,2.6,3,2,17.59,88.2,High
50,Male,163,130,61,753.0,Yoga,28.1,2.4,4,2,20.13,70.19999999999999,High
18,Female,181,147,52,948.0,Yoga,33.0,2.1,3,2,21.66,77.4,High
35,Male,197,161,59,1151.0,Strength,21.3,3.2,3,1,21.48,78.0,High
49,Female,182,151,64,938.0,Cardio,34.0,2.3,2,1,26.36,82.8,High
28,Female,185,154,59,847.0,Strength,31.7,1.8,3,2,29.62,66.0,High
38,Male,170,150,73,1081.0,Cardio,29.0,3.0,4,2,18.64,78.60000000000001,High
43,Female,187,136,72,502.0,Strength,29.5,2.5,2,1,21.0,49.199999999999996,Medium
42,Male,161,166,67,904.0,Cardio,24.4,2.8,3,2,23.8,66.0,High
39,Female,167,128,50,749.0,HIIT,32.8,2.5,2,1,19.41,70.19999999999999,High
44,Male,188,129,52,856.0,Yoga,20.9,2.6,4,2,38.5,80.4,High
30,Male,170,127,70,789.0,HIIT,25.2,3.6,2,1,17.06,67.8,High
50,Female,196,140,61,1184.0,Yoga,19.2,2.7,5,3,22.07,112.8,High
51,Female,177,132,50,422.0,Cardio,33.3,2.1,2,1,31.05,42.599999999999994,Medium
58,Male,173,169,52,937.0,HIIT,29.6,3.0,3,1,16.23,67.2,High
52,Female,169,124,52,837.0,Yoga,32.0,1.5,2,1,18.68,90.0,High
18,Female,194,125,54,606.0,Strength,27.1,1.7,2,1,30.44,58.199999999999996,High
38,Male,168,149,68,1410.0,Cardio,10.1,3.5,4,3,26.48,103.2,High
23,Male,194,150,74,1320.0,Cardio,12.4,3.5,4,3,23.78,96.0,High
45,Female,170,136,50,887.0,Strength,30.1,2.3,2,1,18.7,87.0,High
34,Male,171,130,53,987.0,Strength,22.4,2.7,4,2,16.41,82.8,High
22,Male,162,139,53,1086.0,Yoga,21.2,2.9,4,2,19.06,85.19999999999999,High
48,Male,198,167,66,1248.0,Cardio,12.9,3.5,4,3,25.73,90.6,High
22,Female,173,128,63,640.0,Yoga,32.6,1.6,3,2,19.71,60.0,High
55,Female,187,121,67,719.0,Strength,34.9,2.5,3,1,21.8,79.2,High
20,Male,170,156,50,875.0,Cardio,27.6,3.3,4,2,29.49,61.2,High
40,Female,198,120,71,762.0,Strength,32.9,1.7,3,2,19.09,76.2,High
54,Male,184,123,65,688.0,Yoga,26.2,3.1,3,1,29.1,67.8,High
54,Female,180,155,52,983.0,Yoga,34.9,2.5,4,2,29.17,84.6,High
27,Male,169,144,72,1172.0,Yoga,26.4,3.1,2,1,19.01,88.8,High
27,Male,174,122,70,926.0,Cardio,28.6,2.5,4,2,33.33,82.8,High
36,Female,178,128,58,634.0,Strength,34.5,2.3,3,1,19.36,59.4,High
34,Male,181,141,72,915.0,Strength,29.3,2.4,4,2,20.11,70.8,High
38,Female,180,142,53,859.0,Yoga,28.8,1.9,4,2,21.99,72.6,High
31,Female,191,131,70,766.0,Yoga,25.8,1.8,3,2,19.45,70.19999999999999,High
26,Male,182,129,54,802.0,Yoga,21.7,2.9,3,1,19.73,67.8,High
18,Male,172,153,60,1229.0,Yoga,20.6,2.2,3,2,45.14,87.6,High
30,Female,164,162,70,826.0,HIIT,26.1,2.6,4,2,22.48,61.2,High
21,Male,163,129,58,972.0,HIIT,21.8,2.6,3,2,25.03,82.2,High
18,Male,187,149,52,983.0,HIIT,23.4,2.4,3,2,19.47,72.0,High
57,Male,173,141,55,796.0,Yoga,25.4,2.8,4,2,22.14,68.39999999999999,High
49,Male,167,125,73,1225.0,Yoga,13.6,3.5,5,3,24.31,118.8,High
51,Male,168,169,60,954.0,Strength,22.1,2.5,2,1,20.76,68.39999999999999,High
45,Female,194,121,58,909.0,Cardio,18.4,2.7,5,3,23.81,100.19999999999999,High
48,Female,196,149,64,798.0,Strength,32.0,2.1,3,2,28.88,71.39999999999999,High
25,Male,180,121,72,752.0,HIIT,25.6,2.6,3,1,31.26,67.8,High
56,Male,177,151,52,1024.0,Strength,29.0,2.2,2,1,33.97,82.2,High
43,Male,192,161,50,988.0,Yoga,21.1,2.5,3,1,20.83,74.4,High
51,Female,167,135,69,674.0,HIIT,26.8,2.0,4,2,23.37,66.60000000000001,High
20,Male,176,131,71,821.0,HIIT,24.3,2.1,3,2,24.52,68.39999999999999,High
29,Female,190,120,68,720.0,Cardio,26.3,2.4,4,2,29.89,72.0,High
18,Female,193,127,63,679.0,Cardio,30.7,2.2,3,2,27.14,64.2,High
22,Female,165,167,66,1144.0,HIIT,29.0,2.2,4,2,15.72,82.2,High
47,Male,181,169,71,1188.0,HIIT,22.8,2.9,3,1,22.64,85.19999999999999,High
47,Female,173,132,63,475.0,Strength,26.7,2.2,3,1,12.91,48.0,Medium
34,Male,162,134,66,870.0,HIIT,23.4,3.6,4,2,32.84,70.8,High
40,Female,171,163,74,693.0,Yoga,31.1,1.5,3,1,29.14,51.0,High
32,Male,195,127,63,1013.0,Strength,25.8,2.1,3,1,27.74,87.0,High
54,Female,171,129,61,749.0,Yoga,26.6,1.7,4,2,16.09,77.4,High
38,Male,161,165,65,1216.0,Yoga,21.2,2.3,4,2,46.98,80.4,High
31,Female,161,124,50,1116.0,Yoga,15.1,2.7,5,3,23.79,108.0,High
19,Male,174,169,62,1766.0,HIIT,10.1,3.5,5,3,21.45,114.0,High
28,Male,182,138,55,1025.0,Cardio,28.8,2.3,4,2,26.47,81.0,High
56,Male,188,166,66,1060.0,Cardio,20.5,3.1,3,2,39.77,77.4,High
55,Male,176,157,61,777.0,Yoga,27.3,2.8,3,2,27.58,60.0,High
51,Female,191,130,72,626.0,HIIT,33.7,2.7,4,2,19.72,64.2,High
55,Female,166,162,68,394.0,Strength,26.0,1.8,3,1,26.98,32.400000000000006,Medium
51,Male,189,139,55,950.0,Yoga,24.4,2.5,3,2,41.34,82.8,High
35,Female,187,139,56,1188.0,Strength,19.8,2.7,5,3,22.72,102.6,High
47,Male,173,140,50,942.0,Strength,28.3,3.7,3,1,22.81,81.60000000000001,High
32,Male,189,137,50,1025.0,HIIT,24.9,3.4,3,2,25.33,81.60000000000001,High
44,Female,176,169,54,966.0,HIIT,32.6,2.1,4,2,22.19,76.2,High
51,Male,191,129,55,868.0,Cardio,28.3,2.9,2,1,19.02,81.60000000000001,High
55,Male,165,153,65,1091.0,Cardio,23.5,3.4,3,1,28.97,86.39999999999999,High
50,Female,183,145,74,581.0,HIIT,33.9,2.1,3,1,30.63,53.4,Medium
41,Male,165,149,65,929.0,Yoga,24.7,2.4,3,1,14.87,75.6,High
32,Male,186,128,63,408.0,Cardio,25.3,3.4,2,1,24.84,34.8,Medium
47,Male,177,165,50,1634.0,Strength,15.0,3.5,4,3,32.42,120.0,High
59,Male,183,150,62,423.0,Yoga,28.4,2.9,3,1,33.07,34.199999999999996,Medium
34,Female,196,161,69,821.0,Strength,28.6,1.7,3,2,18.09,61.2,High
22,Female,183,123,59,849.0,HIIT,25.1,2.1,3,1,27.47,82.8,High
46,Female,197,125,73,906.0,Strength,18.1,2.7,4,3,26.35,96.60000000000001,High
21,Male,193,133,59,775.0,Yoga,27.0,2.7,3,1,38.76,63.6,High
27,Male,199,123,58,954.0,HIIT,26.5,3.5,3,2,30.64,84.6,High
34,Female,174,145,62,1276.0,Yoga,19.8,2.7,5,3,24.5,105.6,High
27,Male,170,166,52,1598.0,Strength,14.3,3.5,4,3,31.13,105.0,High
34,Male,181,167,67,1249.0,Yoga,24.5,2.2,2,1,35.19,81.60000000000001,High
37,Male,183,158,69,1573.0,HIIT,10.3,3.5,5,3,30.74,108.60000000000001,High
41,Male,160,136,51,714.0,Strength,24.8,3.5,4,2,28.66,63.6,High
22,Female,177,138,66,938.0,Strength,31.9,2.1,4,2,27.16,81.60000000000001,High
51,Female,171,168,68,733.0,Cardio,31.1,2.0,2,1,30.96,58.199999999999996,High
23,Female,187,125,72,319.0,Cardio,30.4,1.7,2,1,22.32,30.6,Medium
19,Male,199,148,62,952.0,Yoga,24.7,3.2,3,2,19.13,70.19999999999999,High
30,Female,166,130,62,916.0,Cardio,27.9,2.6,4,2,24.87,84.6,High
28,Female,182,135,50,1006.0,Cardio,27.8,2.0,3,2,27.88,89.4,High
40,Male,180,149,51,951.0,Cardio,25.0,2.4,4,2,17.4,69.6,High
33,Male,193,144,50,1148.0,Cardio,21.6,2.9,3,2,12.85,87.0,High
48,Female,170,159,73,537.0,HIIT,28.4,2.5,3,1,23.88,45.0,Medium
28,Female,181,130,54,968.0,HIIT,28.2,1.5,3,2,31.49,89.4,High
33,Female,194,126,73,643.0,Cardio,30.9,2.3,2,1,23.2,61.2,High
25,Female,188,145,52,986.0,Yoga,25.7,2.2,3,2,23.11,81.60000000000001,High
21,Male,187,141,56,1024.0,HIIT,28.3,2.5,3,2,19.92,79.2,High
57,Female,177,144,73,985.0,Cardio,17.8,2.7,5,3,26.46,91.2,High
21,Female,173,138,71,380.0,HIIT,31.7,2.0,2,1,17.33,33.0,Medium
42,Male,177,150,62,468.0,Strength,27.0,2.4,3,1,18.7,37.8,Medium
20,Female,187,145,72,660.0,HIIT,27.9,2.4,2,1,16.48,54.6,High
49,Male,183,161,67,741.0,HIIT,24.7,3.1,3,1,14.6,55.800000000000004,High
20,Male,167,160,73,695.0,Yoga,29.6,2.9,2,1,25.62,47.400000000000006,High
44,Male,167,155,70,1159.0,HIIT,13.8,3.5,5,3,25.75,90.6,High
46,Female,163,142,56,709.0,Yoga,34.7,2.0,3,1,22.22,66.60000000000001,High
49,Female,186,166,50,695.0,Strength,32.5,1.8,3,1,25.17,55.800000000000004,High
36,Male,195,132,54,1082.0,Cardio,21.8,3.4,3,2,32.73,89.4,High
38,Female,164,144,66,857.0,Yoga,25.6,2.0,4,2,30.43,71.39999999999999,High
22,Female,192,121,57,877.0,HIIT,30.8,2.1,4,2,16.56,87.0,High
35,Male,193,121,64,559.0,HIIT,23.6,2.9,2,1,32.74,50.4,Medium
45,Male,189,135,69,982.0,Yoga,22.8,2.8,3,2,20.83,88.2,High
59,Female,167,128,53,841.0,Strength,33.1,1.8,3,1,24.19,87.6,High
39,Male,198,147,51,445.0,Cardio,23.7,2.2,2,1,20.29,33.0,Medium
38,Female,185,132,54,1082.0,HIIT,16.6,2.7,5,3,23.71,98.39999999999999,High
23,Female,196,154,50,585.0,Strength,33.5,1.6,3,1,18.52,45.6,Medium
18,Female,193,160,74,1032.0,Cardio,33.5,2.4,3,2,18.68,77.4,High
22,Female,166,132,54,977.0,Cardio,28.6,1.8,4,2,15.14,88.8,High
58,Male,199,150,55,668.0,HIIT,28.3,2.1,2,1,30.49,54.0,High
29,Male,187,140,51,1378.0,Yoga,14.3,3.5,4,3,28.7,107.4,High
43,Male,198,151,50,807.0,HIIT,24.2,3.4,3,1,30.55,64.80000000000001,High
51,Male,198,153,53,924.0,HIIT,20.7,2.3,3,2,21.67,73.2,High
31,Female,187,127,56,1092.0,HIIT,15.0,2.7,4,3,19.31,103.2,High
43,Female,173,160,71,742.0,Strength,30.2,2.3,4,2,18.19,61.800000000000004,High
44,Male,197,167,50,1372.0,Yoga,11.7,3.5,5,3,22.31,99.6,High
26,Female,163,121,50,829.0,Strength,35.0,1.9,2,1,26.1,82.2,High
43,Female,177,157,57,1046.0,HIIT,32.7,1.7,4,2,21.16,88.8,High
39,Female,184,151,69,672.0,Yoga,32.6,2.0,2,1,21.87,53.4,High
47,Male,166,159,65,1015.0,Cardio,29.6,2.0,3,2,12.32,77.4,High
34,Male,197,147,70,1536.0,Yoga,14.4,3.5,4,3,32.72,114.0,High
43,Male,187,156,62,1012.0,HIIT,23.2,3.4,2,1,29.34,78.60000000000001,High
53,Female,164,160,72,965.0,Yoga,26.7,2.1,3,2,13.95,80.4,High
18,Male,162,120,73,436.0,Cardio,27.5,2.2,3,1,23.79,39.6,Medium
25,Male,190,160,72,1294.0,Cardio,23.8,2.4,4,2,26.48,88.2,High
52,Male,179,129,67,645.0,Yoga,24.7,2.8,3,2,13.82,60.6,High
32,Male,178,123,69,1197.0,Cardio,13.2,3.5,4,3,31.71,106.2,High
39,Male,170,154,59,1143.0,Strength,29.1,2.3,4,2,17.83,81.0,High
31,Male,199,129,61,504.0,Yoga,24.2,2.5,2,1,17.91,42.599999999999994,Medium
43,Female,162,166,50,590.0,Cardio,32.8,2.1,3,1,22.44,47.400000000000006,Medium
45,Female,182,130,59,433.0,Cardio,27.7,2.5,2,1,15.73,44.4,Medium
40,Male,166,133,58,666.0,Yoga,27.0,2.7,2,1,26.99,54.6,High
31,Male,182,157,52,484.0,Strength,20.0,3.2,2,1,18.79,33.6,Medium
41,Female,166,131,68,1138.0,Yoga,19.4,2.7,4,3,23.01,115.8,High
19,Female,193,164,58,1164.0,Cardio,25.3,2.6,4,2,17.4,85.19999999999999,High
43,Male,178,136,59,747.0,Yoga,27.1,2.4,3,2,19.86,66.60000000000001,High
31,Male,168,135,68,446.0,Cardio,20.5,3.4,2,1,20.27,36.0,Medium
24,Male,177,154,65,1491.0,HIIT,11.3,3.5,4,3,27.53,105.6,High
20,Male,184,121,73,885.0,Yoga,25.0,3.3,3,2,24.42,79.80000000000001,High
40,Female,173,130,67,566.0,Yoga,29.2,1.9,3,1,28.2,52.2,Medium
35,Male,184,160,63,1241.0,Cardio,21.9,3.7,4,2,23.64,84.6,High
55,Male,178,122,52,719.0,Cardio,23.3,2.4,3,2,26.43,71.39999999999999,High
52,Male,198,148,51,388.0,Cardio,27.3,2.4,2,1,40.79,31.8,Medium
32,Male,174,137,50,1047.0,Cardio,26.7,3.3,3,2,21.0,83.39999999999999,High
42,Female,175,139,67,732.0,Yoga,25.7,2.0,4,2,27.78,70.19999999999999,High
54,Female,186,166,73,807.0,Cardio,32.5,1.9,2,1,23.1,64.80000000000001,High
45,Female,199,133,58,999.0,Yoga,15.3,2.7,4,3,27.11,100.19999999999999,High
27,Male,169,153,62,1363.0,Strength,12.7,3.5,5,3,25.54,97.2,High
56,Male,163,168,51,1148.0,Yoga,22.6,2.3,3,2,34.8,82.8,High
34,Female,178,150,56,847.0,Cardio,30.9,2.4,4,2,22.48,67.8,High
56,Male,187,159,65,858.0,Cardio,22.6,3.3,3,2,16.97,65.4,High
39,Male,180,161,70,1116.0,Strength,29.8,3.0,3,2,38.49,75.6,High
43,Female,173,137,68,875.0,Yoga,28.1,2.6,4,2,29.69,85.19999999999999,High
42,Female,192,149,74,717.0,Strength,27.4,1.9,3,1,24.22,64.2,High
34,Female,169,144,64,958.0,Yoga,27.8,1.8,4,2,20.36,79.80000000000001,High
30,Female,178,138,71,1228.0,Cardio,19.5,2.7,4,3,26.66,106.8,High
37,Male,189,127,60,859.0,Yoga,26.4,3.2,4,2,22.67,73.8,High
42,Male,181,147,50,888.0,Cardio,27.3,3.3,2,1,21.29,73.2,High
21,Female,162,127,70,756.0,Cardio,34.2,1.8,3,2,25.72,71.39999999999999,High
27,Male,196,150,56,792.0,HIIT,29.1,2.1,3,1,26.54,57.599999999999994,High
20,Female,177,122,69,659.0,HIIT,32.4,2.5,2,1,17.05,64.80000000000001,High
58,Female,170,122,57,406.0,Yoga,27.0,2.7,2,1,19.55,44.4,Medium
35,Male,161,163,59,986.0,Cardio,28.4,3.1,2,1,37.98,66.0,High
53,Female,171,141,54,711.0,Strength,27.0,1.8,4,2,23.23,67.2,High
39,Male,165,136,58,1010.0,Cardio,27.4,3.7,4,2,15.65,81.0,High
51,Male,199,155,74,1128.0,Strength,26.9,3.5,2,1,15.51,88.2,High
25,Male,188,136,74,1451.0,Yoga,13.8,3.5,4,3,21.49,116.39999999999999,High
57,Male,189,133,50,1159.0,Yoga,12.7,3.5,5,3,29.97,105.6,High
36,Female,161,128,51,1043.0,Strength,18.2,2.7,5,3,20.28,97.8,High
59,Male,168,149,68,915.0,Strength,29.5,2.9,3,1,44.26,74.4,High
58,Female,161,140,63,662.0,Cardio,26.0,2.5,4,2,23.8,63.0,High
54,Female,188,131,69,996.0,Yoga,16.5,2.7,4,3,22.48,101.39999999999999,High
23,Female,192,156,59,1069.0,Cardio,31.1,2.5,3,2,24.84,82.2,High
43,Female,169,151,58,673.0,Strength,34.6,2.6,2,1,25.44,59.4,High
51,Male,193,130,59,779.0,HIIT,21.0,3.4,2,1,32.75,72.6,High
23,Male,167,139,55,879.0,HIIT,20.2,3.1,4,2,28.78,69.0,High
54,Female,196,154,66,1220.0,HIIT,15.3,2.7,5,3,18.45,105.6,High
50,Female,192,166,74,911.0,Strength,25.5,2.2,4,2,20.11,73.2,High
39,Male,165,165,55,1198.0,Cardio,29.1,2.8,4,2,26.68,79.2,High
38,Female,199,130,53,481.0,Yoga,32.2,2.3,2,1,30.68,44.4,Medium
23,Male,178,127,69,698.0,Strength,26.8,3.4,4,2,36.45,60.0,High
23,Female,191,123,52,1107.0,HIIT,17.6,2.7,4,3,23.77,108.0,High
21,Male,186,146,72,803.0,Cardio,27.8,3.6,2,1,31.31,60.0,High
47,Female,160,163,68,756.0,Yoga,26.6,2.1,4,2,16.66,61.800000000000004,High
28,Female,192,159,67,1582.0,Yoga,17.0,2.7,5,3,17.2,119.4,High
47,Male,199,157,73,552.0,Strength,24.9,3.0,2,1,41.03,42.599999999999994,Medium
48,Female,191,166,53,1001.0,Strength,26.1,2.0,4,2,26.99,80.4,High
41,Female,164,149,57,898.0,Yoga,29.2,2.3,3,1,22.06,80.4,High
26,Male,176,163,66,1031.0,Yoga,23.2,3.1,4,2,40.52,69.0,High
20,Female,167,167,54,893.0,HIIT,25.4,1.5,3,2,28.56,64.2,High
48,Male,193,167,62,876.0,Yoga,21.4,2.9,4,2,49.84,63.6,High
57,Male,168,146,74,795.0,Strength,27.6,2.2,3,2,27.84,66.0,High
54,Female,182,140,50,454.0,Cardio,25.2,1.5,3,1,28.46,43.199999999999996,Medium
53,Female,194,139,62,1107.0,HIIT,19.7,2.7,4,3,26.81,106.2,High
41,Female,166,123,53,576.0,HIIT,25.9,2.4,4,2,26.33,62.400000000000006,Medium
48,Female,174,130,71,433.0,Yoga,33.0,1.8,3,1,18.98,44.4,Medium
23,Female,179,132,73,911.0,Cardio,34.0,1.9,4,2,23.6,82.8,High
19,Female,184,128,63,864.0,HIIT,34.4,1.6,4,2,17.61,81.0,High
37,Female,162,123,52,621.0,Strength,33.7,1.7,2,1,22.44,60.6,High
45,Male,183,131,54,1102.0,Yoga,11.4,3.5,4,3,26.08,102.0,High
28,Female,193,128,56,1242.0,Strength,16.7,2.7,5,3,24.89,116.39999999999999,High
21,Male,181,132,50,944.0,Yoga,24.3,3.3,2,1,29.89,78.0,High
32,Female,170,167,72,1378.0,HIIT,15.7,2.7,4,3,22.96,99.0,High
23,Female,167,145,61,594.0,Yoga,25.2,2.1,3,1,13.36,49.199999999999996,Medium
47,Male,198,157,60,598.0,Cardio,28.7,3.5,2,1,46.94,46.2,Medium
55,Female,194,161,73,927.0,Strength,30.5,2.0,2,1,15.92,76.8,High
19,Female,197,132,57,1234.0,Cardio,18.0,2.7,5,3,24.2,112.2,High
32,Male,167,158,74,1025.0,Strength,29.3,2.5,3,2,18.79,70.8,High
28,Female,196,147,55,500.0,Strength,31.7,1.9,2,1,24.01,40.800000000000004,Medium
25,Female,186,138,71,711.0,Yoga,31.9,2.4,3,2,14.74,61.800000000000004,High
43,Female,187,143,51,965.0,HIIT,32.9,2.2,3,2,13.38,90.0,High
22,Male,199,138,68,691.0,HIIT,21.2,3.5,2,1,27.05,54.6,High
23,Female,193,168,69,1336.0,Cardio,16.8,2.7,5,3,23.21,95.4,High
43,Female,191,132,69,1117.0,Yoga,19.8,2.7,4,3,23.48,112.8,High
21,Female,174,132,73,706.0,HIIT,34.2,2.2,3,2,17.44,64.2,High
36,Female,176,147,63,1213.0,Strength,19.4,2.7,4,3,18.42,99.0,High
37,Male,192,121,50,992.0,Strength,24.5,2.8,4,2,23.22,89.4,High
50,Male,175,129,59,1181.0,Yoga,14.3,3.5,4,3,25.7,111.0,High
37,Female,188,141,65,726.0,Cardio,25.5,2.4,3,2,24.21,61.800000000000004,High
29,Female,168,132,53,878.0,Yoga,26.5,2.6,3,2,19.88,79.80000000000001,High
18,Male,192,128,60,725.0,Cardio,24.1,2.6,3,1,29.5,61.800000000000004,High
43,Male,188,152,65,1189.0,Yoga,12.4,3.5,5,3,25.56,94.80000000000001,High
31,Female,172,133,69,811.0,Strength,27.6,1.8,4,2,17.27,73.2,High
55,Male,180,167,50,637.0,Yoga,23.6,3.0,3,1,18.46,46.2,High
54,Female,180,139,65,475.0,HIIT,26.6,2.1,2,1,30.34,45.6,Medium
28,Male,164,134,68,951.0,HIIT,24.9,3.7,4,2,27.43,77.4,High
53,Male,169,151,70,815.0,Yoga,27.9,2.8,3,2,23.7,65.4,High
30,Male,165,152,71,1104.0,Cardio,26.6,2.1,4,2,32.66,79.2,High
20,Male,172,136,58,1287.0,Cardio,10.5,3.5,5,3,23.25,103.2,High
50,Female,160,143,58,470.0,Strength,29.9,2.7,2,1,29.3,43.8,Medium
23,Male,179,149,58,942.0,Strength,27.0,3.4,3,2,19.73,69.0,High
27,Male,167,132,66,494.0,Cardio,25.3,2.3,3,1,24.44,40.800000000000004,Medium
22,Female,169,166,61,1519.0,Yoga,17.0,2.7,5,3,26.75,109.80000000000001,High
40,Male,168,167,74,1497.0,Strength,13.1,3.5,5,3,25.92,97.8,High
27,Male,162,135,62,950.0,Cardio,29.7,3.5,3,2,36.95,76.8,High
19,Female,170,121,57,883.0,Cardio,25.9,1.9,3,2,26.32,87.6,High
30,Male,171,136,65,494.0,Yoga,23.9,2.6,2,1,31.32,39.6,Medium
57,Female,169,151,67,713.0,HIIT,29.1,2.6,3,2,21.06,63.0,High
19,Female,184,162,50,1336.0,Cardio,17.9,2.7,5,3,23.98,99.0,High
37,Female,184,127,50,876.0,Strength,26.5,2.1,4,2,21.84,82.8,High
18,Female,170,122,61,573.0,Yoga,26.8,1.7,2,1,21.84,56.4,Medium
54,Male,195,131,55,921.0,Yoga,22.9,2.6,3,2,28.56,85.19999999999999,High
26,Female,198,139,58,1307.0,Yoga,19.8,2.7,4,3,24.07,112.8,High
34,Male,185,135,72,713.0,HIIT,27.3,3.2,2,1,34.92,57.599999999999994,High
26,Male,173,133,54,549.0,HIIT,26.6,2.3,2,1,12.97,45.0,Medium
28,Male,198,135,65,980.0,Strength,28.2,3.0,4,2,14.57,79.2,High
32,Male,199,168,67,1783.0,Strength,10.6,3.5,4,3,24.36,115.8,High
41,Male,160,162,66,634.0,Yoga,28.6,3.2,2,1,30.19,47.400000000000006,High
55,Male,163,168,67,640.0,Strength,25.9,2.6,3,1,40.09,46.2,High
52,Male,189,152,50,895.0,Cardio,23.4,3.2,2,1,24.78,71.39999999999999,High
47,Male,171,149,68,531.0,HIIT,28.2,3.5,3,1,25.54,43.199999999999996,Medium
48,Male,194,131,71,681.0,Yoga,28.0,2.8,4,2,21.83,63.0,High
22,Male,172,134,57,914.0,Yoga,28.5,2.7,3,2,41.56,74.4,High
31,Female,190,137,52,863.0,Cardio,26.2,1.8,4,2,26.47,75.6,High
28,Female,197,147,74,831.0,Cardio,34.7,2.2,3,2,26.14,67.8,High
26,Female,182,142,54,816.0,Cardio,34.6,2.6,2,1,31.64,69.0,High
51,Male,163,133,72,1027.0,Cardio,11.8,3.5,4,3,33.61,93.60000000000001,High
29,Female,175,149,57,976.0,Yoga,25.7,1.9,4,2,23.33,78.60000000000001,High
52,Female,166,152,68,1135.0,HIIT,15.8,2.7,4,3,23.79,99.6,High
52,Female,181,164,67,753.0,HIIT,34.9,2.0,3,2,28.28,61.2,High
18,Male,188,134,67,693.0,Cardio,25.6,2.7,3,1,44.1,56.4,High
57,Male,170,126,70,705.0,Strength,23.6,3.0,3,2,14.07,67.8,High
39,Male,192,134,50,656.0,Yoga,22.9,2.4,3,1,27.18,53.4,High
46,Male,188,161,64,1044.0,HIIT,22.6,3.4,4,2,20.76,78.60000000000001,High
25,Female,198,165,67,784.0,Cardio,31.6,1.9,2,1,22.6,57.0,High
28,Female,171,157,74,479.0,Strength,29.2,2.3,3,1,24.13,36.6,Medium
58,Female,166,165,56,1463.0,Strength,19.8,2.7,4,3,23.75,118.2,High
54,Female,198,163,65,836.0,Cardio,31.8,2.1,3,1,28.68,68.39999999999999,High
31,Male,185,130,65,1230.0,Yoga,14.0,3.5,4,3,30.43,103.2,High
47,Male,199,148,64,557.0,HIIT,22.9,3.0,3,1,27.2,45.6,Medium
52,Male,168,150,55,965.0,Strength,20.8,2.3,4,2,24.23,78.0,High
38,Female,193,144,58,727.0,HIIT,29.9,2.4,3,2,16.01,60.6,High
54,Male,172,143,56,736.0,HIIT,23.1,2.3,4,2,44.66,62.400000000000006,High
22,Male,195,138,63,1017.0,Strength,22.0,2.2,2,1,35.47,80.4,High
36,Female,184,121,60,514.0,Cardio,34.5,2.2,2,1,18.65,51.0,Medium
31,Female,183,141,70,402.0,Strength,29.4,2.4,3,1,19.82,34.199999999999996,Medium
43,Male,176,139,65,812.0,Strength,21.7,2.1,2,1,17.39,70.8,High
21,Male,161,152,74,1104.0,Yoga,22.0,2.1,3,2,25.85,79.2,High
42,Male,172,127,55,1113.0,HIIT,11.4,3.5,4,3,27.55,106.2,High
59,Male,190,144,71,1418.0,Cardio,15.0,3.5,5,3,30.66,119.4,High
42,Male,188,165,65,1127.0,HIIT,22.7,3.4,3,2,20.07,82.8,High
35,Male,187,128,69,718.0,Strength,23.3,3.4,4,2,48.43,61.2,High
57,Female,186,153,65,723.0,Cardio,31.6,1.8,3,2,27.11,63.0,High
25,Female,174,142,61,852.0,Cardio,27.9,2.2,3,1,22.99,72.0,High
56,Female,190,124,66,1066.0,Cardio,16.1,2.7,5,3,23.79,114.6,High
57,Male,199,144,54,862.0,Cardio,21.6,2.8,3,2,31.74,72.6,High
31,Female,174,127,74,883.0,Yoga,28.1,2.3,4,2,29.23,83.39999999999999,High
49,Male,192,135,62,762.0,Cardio,21.1,3.5,2,1,16.01,68.39999999999999,High
55,Male,179,167,57,992.0,Strength,20.2,2.1,4,2,21.34,72.0,High
50,Female,171,164,73,760.0,Yoga,33.0,2.4,3,2,21.67,61.800000000000004,High
40,Male,196,134,54,1445.0,Strength,10.7,3.5,5,3,25.14,117.6,High
32,Male,168,120,61,818.0,Strength,27.8,2.8,3,2,26.22,74.4,High
50,Female,182,141,58,838.0,HIIT,33.0,2.2,3,1,23.02,79.2,High
42,Female,167,122,52,1005.0,Cardio,17.7,2.7,4,3,23.41,109.80000000000001,High
34,Female,191,157,52,636.0,Cardio,28.1,2.3,3,1,23.28,48.6,High
50,Male,173,133,50,764.0,Strength,21.5,3.6,4,2,36.8,69.6,High
19,Female,186,155,74,907.0,Cardio,32.4,1.6,3,1,27.03,70.19999999999999,High
31,Female,184,137,71,699.0,Yoga,31.0,1.5,4,2,23.88,61.2,High
57,Male,172,166,67,1290.0,HIIT,13.3,3.5,4,3,30.63,94.2,High
57,Female,180,160,73,1001.0,Cardio,25.1,1.7,2,1,14.3,83.39999999999999,High
56,Female,190,137,61,1227.0,Cardio,19.6,2.7,5,3,22.48,119.4,High
23,Female,196,122,58,354.0,Yoga,25.7,2.7,2,1,16.8,34.8,Medium
23,Male,164,129,58,1327.0,HIIT,11.8,3.5,5,3,23.93,112.2,High
20,Male,172,168,67,1035.0,Yoga,24.0,3.2,4,2,21.48,67.2,High
24,Male,187,158,67,1364.0,Strength,10.0,3.5,4,3,28.77,94.2,High
25,Male,184,166,56,1260.0,Strength,25.0,3.0,2,1,25.69,82.8,High
59,Female,194,120,53,929.0,Cardio,18.8,2.7,5,3,19.5,103.2,High
32,Male,198,146,62,883.0,HIIT,28.2,2.1,3,2,37.74,66.0,High
46,Male,166,146,66,542.0,Strength,28.8,3.5,2,1,33.38,45.0,Medium
